cp:cannot stat ‘../../../../../../../cygdrive/r/MultiCoder_SOAP_4_DCTECH-MC01X_05-15-2016_17-00-00.wav’:No such file or directory,MultiCoder_SOAP_1_DCTECH-MC01X_05-09-2016_06-00-00.wav,20160509_me_hour2_feed1,-29.9,7.1,-7.5
MultiCoder_SOAP_1_DCTECH-MC01X_05-09-2016_17-00-00.wav,20160509_atc_hour2_feed1,-28.5,5.5,-5.8
MultiCoder_SOAP_4_DCTECH-MC01X_05-09-2016_05-00-00.wav,20160509_me_hour1_feed1,-30.1,5.2,-7.2
MultiCoder_SOAP_4_DCTECH-MC01X_05-09-2016_16-00-00.wav,20160509_atc_hour1_feed1,-29.0,5.8,-6.8
MultiCoder_SOAP_1_DCTECH-MC01X_05-10-2016_06-00-00.wav,20160510_me_hour2_feed1,-30.4,5.7,-5.8
MultiCoder_SOAP_1_DCTECH-MC01X_05-10-2016_17-00-00.wav,20160510_atc_hour2_feed1,-28.5,5.9,-4.6
MultiCoder_SOAP_4_DCTECH-MC01X_05-10-2016_05-00-00.wav,20160510_me_hour1_feed1,-30.0,4.6,-9.2
MultiCoder_SOAP_4_DCTECH-MC01X_05-10-2016_16-00-00.wav,20160510_atc_hour1_feed1,-28.8,6.0,-4.1
MultiCoder_SOAP_1_DCTECH-MC01X_05-11-2016_06-00-00.wav,20160511_me_hour2_feed1,-30.4,5.3,-6.0
MultiCoder_SOAP_1_DCTECH-MC01X_05-11-2016_17-00-00.wav,20160511_atc_hour2_feed1,-28.4,5.6,-7.3
MultiCoder_SOAP_4_DCTECH-MC01X_05-11-2016_05-00-00.wav,20160511_me_hour1_feed1,-30.0,5.2,-6.9
MultiCoder_SOAP_4_DCTECH-MC01X_05-11-2016_16-00-00.wav,20160511_atc_hour1_feed1,-28.8,5.5,-6.4
MultiCoder_SOAP_1_DCTECH-MC01X_05-12-2016_06-00-00.wav,20160512_me_hour2_feed1,-30.4,5.4,-7.6
MultiCoder_SOAP_1_DCTECH-MC01X_05-12-2016_17-00-00.wav,20160512_atc_hour2_feed1,-29.0,5.3,-7.4
MultiCoder_SOAP_4_DCTECH-MC01X_05-12-2016_05-00-00.wav,20160512_me_hour1_feed1,-29.9,4.9,-8.6
MultiCoder_SOAP_4_DCTECH-MC01X_05-12-2016_16-00-00.wav,20160512_atc_hour1_feed1,-28.8,5.3,-5.7
MultiCoder_SOAP_1_DCTECH-MC01X_05-13-2016_06-00-00.wav,20160513_me_hour2_feed1,-30.4,5.6,-9.0
MultiCoder_SOAP_1_DCTECH-MC01X_05-13-2016_17-00-00.wav,20160513_atc_hour2_feed1,-29.1,5.8,-6.6
MultiCoder_SOAP_4_DCTECH-MC01X_05-13-2016_05-00-00.wav,20160513_me_hour1_feed1,-30.0,5.1,-7.6
MultiCoder_SOAP_4_DCTECH-MC01X_05-13-2016_16-00-00.wav,20160513_atc_hour1_feed1,-28.4,6.5,-5.0
MultiCoder_SOAP_1_DCTECH-MC01X_05-14-2016_09-00-00.wav,20160514_we_hour2_feed1,-29.0,5.8,-5.6
MultiCoder_SOAP_4_DCTECH-MC01X_05-14-2016_17-00-00.wav,20160514_watc_hour1_feed1,-28.8,5.5,-6.2
MultiCoder_SOAP_4_DCTECH-MC01X_05-14-2016_08-00-00.wav,20160514_we_hour1_feed1,-28.8,6.3,-5.1
MultiCoder_SOAP_1_DCTECH-MC01X_05-15-2016_09-00-00.wav,20160515_we_hour2_feed1,-29.1,5.3,-7.0
MultiCoder_SOAP_4_DCTECH-MC01X_05-15-2016_08-00-00.wav,20160515_we_hour1_feed1,-28.9,5.5,-5.5
01_ME_billboard_MultiCoder_SOAP_4_DCTECH-MC01X_05-09-2016_05-00-00.wav,20160509_me_hour1_feed1,-29.7,3.3,-13.7
01_ME_billboard_MultiCoder_SOAP_1_DCTECH-MC01X_05-09-2016_06-00-00.wav,20160509_me_hour2_feed1,-30.9,4.6,-10.7
02_ME_newscast1_MultiCoder_SOAP_4_DCTECH-MC01X_05-09-2016_05-00-00.wav,20160509_me_hour1_feed1,-28.6,5.6,-7.8
02_ME_newscast1_MultiCoder_SOAP_1_DCTECH-MC01X_05-09-2016_06-00-00.wav,20160509_me_hour2_feed1,-27.7,7.5,-7.8
03_ME_newscast2_MultiCoder_SOAP_4_DCTECH-MC01X_05-09-2016_05-00-00.wav,20160509_me_hour1_feed1,-29.3,3.8,-7.2
03_ME_newscast2_MultiCoder_SOAP_1_DCTECH-MC01X_05-09-2016_06-00-00.wav,20160509_me_hour2_feed1,-27.5,3.6,-10.7
04_ME_fundingCreditA_MultiCoder_SOAP_4_DCTECH-MC01X_05-09-2016_05-00-00.wav,20160509_me_hour1_feed1,-28.4,2.4,-10.9
04_ME_fundingCreditA_MultiCoder_SOAP_1_DCTECH-MC01X_05-09-2016_06-00-00.wav,20160509_me_hour2_feed1,-27.3,2.7,-12.2
05_ME_musicA_MultiCoder_SOAP_4_DCTECH-MC01X_05-09-2016_05-00-00.wav,20160509_me_hour1_feed1,-29.9,5.0,-15.1
05_ME_musicA_MultiCoder_SOAP_1_DCTECH-MC01X_05-09-2016_06-00-00.wav,20160509_me_hour2_feed1,-30.4,5.1,-14.8
06_ME_segmentA_MultiCoder_SOAP_4_DCTECH-MC01X_05-09-2016_05-00-00.wav,20160509_me_hour1_feed1,-30.4,4.7,-10.5
06_ME_segmentA_MultiCoder_SOAP_1_DCTECH-MC01X_05-09-2016_06-00-00.wav,20160509_me_hour2_feed1,-30.2,5.7,-7.5
07_ME_musicB_MultiCoder_SOAP_4_DCTECH-MC01X_05-09-2016_05-00-00.wav,20160509_me_hour1_feed1,-31.2,4.8,-13.6
07_ME_musicB_MultiCoder_SOAP_1_DCTECH-MC01X_05-09-2016_06-00-00.wav,20160509_me_hour2_feed1,-29.9,5.3,-19.6
08_ME_newscast3_MultiCoder_SOAP_4_DCTECH-MC01X_05-09-2016_05-00-00.wav,20160509_me_hour1_feed1,-28.3,5.0,-9.1
08_ME_newscast3_MultiCoder_SOAP_1_DCTECH-MC01X_05-09-2016_06-00-00.wav,20160509_me_hour2_feed1,-28.8,4.3,-8.7
09_ME_FApromo_MultiCoder_SOAP_4_DCTECH-MC01X_05-09-2016_05-00-00.wav,20160509_me_hour1_feed1,-30.4,6.5,-11.5
09_ME_FApromo_MultiCoder_SOAP_1_DCTECH-MC01X_05-09-2016_06-00-00.wav,20160509_me_hour2_feed1,-33.6,9.9,-16.0
10_ME_musicC_MultiCoder_SOAP_4_DCTECH-MC01X_05-09-2016_05-00-00.wav,20160509_me_hour1_feed1,-29.0,3.0,-14.8
10_ME_musicC_MultiCoder_SOAP_1_DCTECH-MC01X_05-09-2016_06-00-00.wav,20160509_me_hour2_feed1,-32.1,6.0,-17.4
11_ME_fundingCreditB_MultiCoder_SOAP_4_DCTECH-MC01X_05-09-2016_05-00-00.wav,20160509_me_hour1_feed1,-30.4,3.8,-13.8
11_ME_fundingCreditB_MultiCoder_SOAP_1_DCTECH-MC01X_05-09-2016_06-00-00.wav,20160509_me_hour2_feed1,-30.2,3.3,-14.9
12_ME_segmentB_MultiCoder_SOAP_4_DCTECH-MC01X_05-09-2016_05-00-00.wav,20160509_me_hour1_feed1,-30.5,5.3,-10.3
12_ME_segmentB_MultiCoder_SOAP_1_DCTECH-MC01X_05-09-2016_06-00-00.wav,20160509_me_hour2_feed1,-30.6,5.4,-11.2
13_ME_ATCpromo_MultiCoder_SOAP_4_DCTECH-MC01X_05-09-2016_05-00-00.wav,20160509_me_hour1_feed1,-31.1,5.5,-14.5
13_ME_ATCpromo_MultiCoder_SOAP_1_DCTECH-MC01X_05-09-2016_06-00-00.wav,20160509_me_hour2_feed1,-35.2,9.0,-19.0
14_ME_return_MultiCoder_SOAP_4_DCTECH-MC01X_05-09-2016_05-00-00.wav,20160509_me_hour1_feed1,-29.9,3.7,-13.2
14_ME_return_MultiCoder_SOAP_1_DCTECH-MC01X_05-09-2016_06-00-00.wav,20160509_me_hour2_feed1,-29.9,3.2,-14.0
15_ME_musicD_MultiCoder_SOAP_4_DCTECH-MC01X_05-09-2016_05-00-00.wav,20160509_me_hour1_feed1,-29.6,2.9,-16.0
15_ME_musicD_MultiCoder_SOAP_1_DCTECH-MC01X_05-09-2016_06-00-00.wav,20160509_me_hour2_feed1,-29.5,3.2,-17.3
16_ME_fundingCreditC_MultiCoder_SOAP_4_DCTECH-MC01X_05-09-2016_05-00-00.wav,20160509_me_hour1_feed1,-29.3,3.2,-12.7
16_ME_fundingCreditC_MultiCoder_SOAP_1_DCTECH-MC01X_05-09-2016_06-00-00.wav,20160509_me_hour2_feed1,-30.0,3.4,-13.0
17_ME_segmentC_MultiCoder_SOAP_4_DCTECH-MC01X_05-09-2016_05-00-00.wav,20160509_me_hour1_feed1,-30.6,4.8,-12.7
17_ME_segmentC_MultiCoder_SOAP_1_DCTECH-MC01X_05-09-2016_06-00-00.wav,20160509_me_hour2_feed1,-31.7,7.2,-8.2
18_ME_musicE_MultiCoder_SOAP_4_DCTECH-MC01X_05-09-2016_05-00-00.wav,20160509_me_hour1_feed1,-29.5,3.8,-12.8
18_ME_musicE_MultiCoder_SOAP_1_DCTECH-MC01X_05-09-2016_06-00-00.wav,20160509_me_hour2_feed1,-33.6,3.8,-16.4
19_ME_newscast4_MultiCoder_SOAP_4_DCTECH-MC01X_05-09-2016_05-00-00.wav,20160509_me_hour1_feed1,-29.4,4.8,-12.0
19_ME_newscast4_MultiCoder_SOAP_1_DCTECH-MC01X_05-09-2016_06-00-00.wav,20160509_me_hour2_feed1,-28.8,4.7,-9.8
20_ME_HandNpromo_MultiCoder_SOAP_4_DCTECH-MC01X_05-09-2016_05-00-00.wav,20160509_me_hour1_feed1,-29.8,5.3,-10.6
20_ME_HandNpromo_MultiCoder_SOAP_1_DCTECH-MC01X_05-09-2016_06-00-00.wav,20160509_me_hour2_feed1,-35.5,6.4,-20.2
21_ME_musicF_MultiCoder_SOAP_4_DCTECH-MC01X_05-09-2016_05-00-00.wav,20160509_me_hour1_feed1,-29.5,3.6,-13.6
21_ME_musicF_MultiCoder_SOAP_1_DCTECH-MC01X_05-09-2016_06-00-00.wav,20160509_me_hour2_feed1,-30.6,6.0,-17.1
22_ME_fundingCreditD_MultiCoder_SOAP_4_DCTECH-MC01X_05-09-2016_05-00-00.wav,20160509_me_hour1_feed1,-29.6,4.3,-13.0
22_ME_fundingCreditD_MultiCoder_SOAP_1_DCTECH-MC01X_05-09-2016_06-00-00.wav,20160509_me_hour2_feed1,-30.3,5.2,-15.4
23_ME_segmentD_MultiCoder_SOAP_4_DCTECH-MC01X_05-09-2016_05-00-00.wav,20160509_me_hour1_feed1,-30.5,4.5,-13.5
23_ME_segmentD_MultiCoder_SOAP_1_DCTECH-MC01X_05-09-2016_06-00-00.wav,20160509_me_hour2_feed1,-31.0,5.1,-8.7
24_ME_musicG_MultiCoder_SOAP_4_DCTECH-MC01X_05-09-2016_05-00-00.wav,20160509_me_hour1_feed1,-31.6,5.7,-11.5
24_ME_musicG_MultiCoder_SOAP_1_DCTECH-MC01X_05-09-2016_06-00-00.wav,20160509_me_hour2_feed1,-31.5,4.6,-17.8
25_ME_segmentE_MultiCoder_SOAP_4_DCTECH-MC01X_05-09-2016_05-00-00.wav,20160509_me_hour1_feed1,-30.6,4.3,-8.5
25_ME_segmentE_MultiCoder_SOAP_1_DCTECH-MC01X_05-09-2016_06-00-00.wav,20160509_me_hour2_feed1,-28.2,7.1,-10.1
26_ME_musicH_MultiCoder_SOAP_4_DCTECH-MC01X_05-09-2016_05-00-00.wav,20160509_me_hour1_feed1,-30.1,3.1,-17.6
26_ME_musicH_MultiCoder_SOAP_1_DCTECH-MC01X_05-09-2016_06-00-00.wav,20160509_me_hour2_feed1,-32.7,7.9,-16.1
01_ATC_billboard_MultiCoder_SOAP_4_DCTECH-MC01X_05-09-2016_16-00-00.wav,20160509_atc_hour1_feed1,-28.2,4.0,-8.1
01_ATC_billboard_MultiCoder_SOAP_1_DCTECH-MC01X_05-09-2016_17-00-00.wav,20160509_atc_hour2_feed1,-27.8,4.0,-7.8
02_ATC_newscast1_MultiCoder_SOAP_4_DCTECH-MC01X_05-09-2016_16-00-00.wav,20160509_atc_hour1_feed1,-29.1,6.3,-9.6
02_ATC_newscast1_MultiCoder_SOAP_1_DCTECH-MC01X_05-09-2016_17-00-00.wav,20160509_atc_hour2_feed1,-28.4,4.6,-9.9
03_ATC_newscast2_MultiCoder_SOAP_4_DCTECH-MC01X_05-09-2016_16-00-00.wav,20160509_atc_hour1_feed1,-31.0,6.8,-12.1
03_ATC_newscast2_MultiCoder_SOAP_1_DCTECH-MC01X_05-09-2016_17-00-00.wav,20160509_atc_hour2_feed1,-28.7,6.3,-10.5
04_ATC_fundingCreditA_MultiCoder_SOAP_4_DCTECH-MC01X_05-09-2016_16-00-00.wav,20160509_atc_hour1_feed1,-28.6,2.0,-14.0
04_ATC_fundingCreditA_MultiCoder_SOAP_1_DCTECH-MC01X_05-09-2016_17-00-00.wav,20160509_atc_hour2_feed1,-27.9,3.4,-11.3
05_ATC_musicA_MultiCoder_SOAP_4_DCTECH-MC01X_05-09-2016_16-00-00.wav,20160509_atc_hour1_feed1,-29.8,5.8,-11.3
05_ATC_musicA_MultiCoder_SOAP_1_DCTECH-MC01X_05-09-2016_17-00-00.wav,20160509_atc_hour2_feed1,-27.8,3.1,-13.5
06_ATC_segmentA_MultiCoder_SOAP_4_DCTECH-MC01X_05-09-2016_16-00-00.wav,20160509_atc_hour1_feed1,-28.3,4.4,-8.3
06_ATC_segmentA_MultiCoder_SOAP_1_DCTECH-MC01X_05-09-2016_17-00-00.wav,20160509_atc_hour2_feed1,-28.9,4.2,-5.8
07_ATC_musicB_MultiCoder_SOAP_4_DCTECH-MC01X_05-09-2016_16-00-00.wav,20160509_atc_hour1_feed1,-28.6,4.5,-12.9
07_ATC_musicB_MultiCoder_SOAP_1_DCTECH-MC01X_05-09-2016_17-00-00.wav,20160509_atc_hour2_feed1,-30.4,4.5,-15.8
08_ATC_fundingCreditB_MultiCoder_SOAP_4_DCTECH-MC01X_05-09-2016_16-00-00.wav,20160509_atc_hour1_feed1,-28.4,4.5,-12.6
08_ATC_fundingCreditB_MultiCoder_SOAP_1_DCTECH-MC01X_05-09-2016_17-00-00.wav,20160509_atc_hour2_feed1,-29.3,3.9,-13.7
09_ATC_segmentB_MultiCoder_SOAP_4_DCTECH-MC01X_05-09-2016_16-00-00.wav,20160509_atc_hour1_feed1,-28.7,4.2,-6.8
09_ATC_segmentB_MultiCoder_SOAP_1_DCTECH-MC01X_05-09-2016_17-00-00.wav,20160509_atc_hour2_feed1,-28.0,4.5,-7.0
10_ATC_MEpromo_MultiCoder_SOAP_4_DCTECH-MC01X_05-09-2016_16-00-00.wav,20160509_atc_hour1_feed1,-28.2,7.6,-10.6
10_ATC_MEpromo_MultiCoder_SOAP_1_DCTECH-MC01X_05-09-2016_17-00-00.wav,20160509_atc_hour2_feed1,-27.3,6.5,-10.3
11_ATC_musicC_MultiCoder_SOAP_4_DCTECH-MC01X_05-09-2016_16-00-00.wav,20160509_atc_hour1_feed1,-31.5,3.3,-13.1
11_ATC_musicC_MultiCoder_SOAP_1_DCTECH-MC01X_05-09-2016_17-00-00.wav,20160509_atc_hour2_feed1,-28.2,9.7,-15.3
12_ATC_return_MultiCoder_SOAP_4_DCTECH-MC01X_05-09-2016_16-00-00.wav,20160509_atc_hour1_feed1,-29.5,5.2,-8.0
12_ATC_return_MultiCoder_SOAP_1_DCTECH-MC01X_05-09-2016_17-00-00.wav,20160509_atc_hour2_feed1,-27.8,4.4,-9.9
13_ATC_newscast3_MultiCoder_SOAP_4_DCTECH-MC01X_05-09-2016_16-00-00.wav,20160509_atc_hour1_feed1,-32.7,4.2,-12.7
13_ATC_newscast3_MultiCoder_SOAP_1_DCTECH-MC01X_05-09-2016_17-00-00.wav,20160509_atc_hour2_feed1,-31.3,5.5,-12.2
14_ATC_newscast4_MultiCoder_SOAP_4_DCTECH-MC01X_05-09-2016_16-00-00.wav,20160509_atc_hour1_feed1,-32.3,4.5,-13.1
14_ATC_newscast4_MultiCoder_SOAP_1_DCTECH-MC01X_05-09-2016_17-00-00.wav,20160509_atc_hour2_feed1,-33.1,4.1,-12.9
15_ATC_musicD_MultiCoder_SOAP_4_DCTECH-MC01X_05-09-2016_16-00-00.wav,20160509_atc_hour1_feed1,-29.9,4.0,-9.5
15_ATC_musicD_MultiCoder_SOAP_1_DCTECH-MC01X_05-09-2016_17-00-00.wav,20160509_atc_hour2_feed1,-29.9,6.3,-15.7
16_ATC_fundingCreditC_MultiCoder_SOAP_4_DCTECH-MC01X_05-09-2016_16-00-00.wav,20160509_atc_hour1_feed1,-28.7,3.4,-12.6
16_ATC_fundingCreditC_MultiCoder_SOAP_1_DCTECH-MC01X_05-09-2016_17-00-00.wav,20160509_atc_hour2_feed1,-28.2,3.4,-13.3
17_ATC_segmentC_MultiCoder_SOAP_4_DCTECH-MC01X_05-09-2016_16-00-00.wav,20160509_atc_hour1_feed1,-29.0,5.5,-7.7
17_ATC_segmentC_MultiCoder_SOAP_1_DCTECH-MC01X_05-09-2016_17-00-00.wav,20160509_atc_hour2_feed1,-27.5,4.3,-7.4
18_ATC_segmentD_MultiCoder_SOAP_4_DCTECH-MC01X_05-09-2016_16-00-00.wav,20160509_atc_hour1_feed1,-28.7,4.3,-9.7
18_ATC_segmentD_MultiCoder_SOAP_1_DCTECH-MC01X_05-09-2016_17-00-00.wav,20160509_atc_hour2_feed1,-29.0,4.9,-9.2
19_ATC_musicE_MultiCoder_SOAP_4_DCTECH-MC01X_05-09-2016_16-00-00.wav,20160509_atc_hour1_feed1,-28.9,6.7,-13.0
19_ATC_musicE_MultiCoder_SOAP_1_DCTECH-MC01X_05-09-2016_17-00-00.wav,20160509_atc_hour2_feed1,-28.2,4.0,-13.9
20_ATC_segmentE_MultiCoder_SOAP_4_DCTECH-MC01X_05-09-2016_16-00-00.wav,20160509_atc_hour1_feed1,-29.2,5.3,-9.9
20_ATC_segmentE_MultiCoder_SOAP_1_DCTECH-MC01X_05-09-2016_17-00-00.wav,20160509_atc_hour2_feed1,-28.7,3.5,-10.2
21_ATC_fundingCreditD_MultiCoder_SOAP_4_DCTECH-MC01X_05-09-2016_16-00-00.wav,20160509_atc_hour1_feed1,-29.2,3.7,-11.7
21_ATC_fundingCreditD_MultiCoder_SOAP_1_DCTECH-MC01X_05-09-2016_17-00-00.wav,20160509_atc_hour2_feed1,-28.2,3.7,-11.3
22_ATC_musicF_MultiCoder_SOAP_4_DCTECH-MC01X_05-09-2016_16-00-00.wav,20160509_atc_hour1_feed1,-29.1,5.6,-16.4
22_ATC_musicF_MultiCoder_SOAP_1_DCTECH-MC01X_05-09-2016_17-00-00.wav,20160509_atc_hour2_feed1,-25.8,10.5,-11.2
01_ME_billboard_MultiCoder_SOAP_4_DCTECH-MC01X_05-10-2016_05-00-00.wav,20160510_me_hour1_feed1,-30.2,3.5,-14.1
01_ME_billboard_MultiCoder_SOAP_1_DCTECH-MC01X_05-10-2016_06-00-00.wav,20160510_me_hour2_feed1,-29.3,4.1,-9.3
02_ME_newscast1_MultiCoder_SOAP_4_DCTECH-MC01X_05-10-2016_05-00-00.wav,20160510_me_hour1_feed1,-28.9,4.2,-9.9
02_ME_newscast1_MultiCoder_SOAP_1_DCTECH-MC01X_05-10-2016_06-00-00.wav,20160510_me_hour2_feed1,-29.8,6.9,-9.8
03_ME_newscast2_MultiCoder_SOAP_4_DCTECH-MC01X_05-10-2016_05-00-00.wav,20160510_me_hour1_feed1,-29.2,4.0,-10.2
03_ME_newscast2_MultiCoder_SOAP_1_DCTECH-MC01X_05-10-2016_06-00-00.wav,20160510_me_hour2_feed1,-30.8,5.2,-14.8
04_ME_fundingCreditA_MultiCoder_SOAP_4_DCTECH-MC01X_05-10-2016_05-00-00.wav,20160510_me_hour1_feed1,-26.7,3.3,-12.2
04_ME_fundingCreditA_MultiCoder_SOAP_1_DCTECH-MC01X_05-10-2016_06-00-00.wav,20160510_me_hour2_feed1,-30.6,1.9,-14.2
05_ME_musicA_MultiCoder_SOAP_4_DCTECH-MC01X_05-10-2016_05-00-00.wav,20160510_me_hour1_feed1,-30.4,4.5,-14.9
05_ME_musicA_MultiCoder_SOAP_1_DCTECH-MC01X_05-10-2016_06-00-00.wav,20160510_me_hour2_feed1,-33.6,5.2,-17.6
06_ME_segmentA_MultiCoder_SOAP_4_DCTECH-MC01X_05-10-2016_05-00-00.wav,20160510_me_hour1_feed1,-30.1,4.1,-10.9
06_ME_segmentA_MultiCoder_SOAP_1_DCTECH-MC01X_05-10-2016_06-00-00.wav,20160510_me_hour2_feed1,-31.2,5.4,-5.8
07_ME_musicB_MultiCoder_SOAP_4_DCTECH-MC01X_05-10-2016_05-00-00.wav,20160510_me_hour1_feed1,-31.1,5.0,-15.4
07_ME_musicB_MultiCoder_SOAP_1_DCTECH-MC01X_05-10-2016_06-00-00.wav,20160510_me_hour2_feed1,-30.3,3.8,-18.2
08_ME_newscast3_MultiCoder_SOAP_4_DCTECH-MC01X_05-10-2016_05-00-00.wav,20160510_me_hour1_feed1,-29.5,5.5,-10.9
08_ME_newscast3_MultiCoder_SOAP_1_DCTECH-MC01X_05-10-2016_06-00-00.wav,20160510_me_hour2_feed1,-29.6,4.0,-13.1
09_ME_FApromo_MultiCoder_SOAP_4_DCTECH-MC01X_05-10-2016_05-00-00.wav,20160510_me_hour1_feed1,-30.1,8.6,-13.8
09_ME_FApromo_MultiCoder_SOAP_1_DCTECH-MC01X_05-10-2016_06-00-00.wav,20160510_me_hour2_feed1,-30.1,12.9,-14.0
10_ME_musicC_MultiCoder_SOAP_4_DCTECH-MC01X_05-10-2016_05-00-00.wav,20160510_me_hour1_feed1,-30.1,5.7,-17.8
10_ME_musicC_MultiCoder_SOAP_1_DCTECH-MC01X_05-10-2016_06-00-00.wav,20160510_me_hour2_feed1,-31.5,3.5,-14.0
11_ME_fundingCreditB_MultiCoder_SOAP_4_DCTECH-MC01X_05-10-2016_05-00-00.wav,20160510_me_hour1_feed1,-30.3,3.3,-12.2
11_ME_fundingCreditB_MultiCoder_SOAP_1_DCTECH-MC01X_05-10-2016_06-00-00.wav,20160510_me_hour2_feed1,-30.7,3.5,-15.1
12_ME_segmentB_MultiCoder_SOAP_4_DCTECH-MC01X_05-10-2016_05-00-00.wav,20160510_me_hour1_feed1,-30.4,3.6,-9.2
12_ME_segmentB_MultiCoder_SOAP_1_DCTECH-MC01X_05-10-2016_06-00-00.wav,20160510_me_hour2_feed1,-30.5,4.6,-11.9
13_ME_ATCpromo_MultiCoder_SOAP_4_DCTECH-MC01X_05-10-2016_05-00-00.wav,20160510_me_hour1_feed1,-31.4,5.0,-15.1
13_ME_ATCpromo_MultiCoder_SOAP_1_DCTECH-MC01X_05-10-2016_06-00-00.wav,20160510_me_hour2_feed1,-29.5,6.2,-12.8
14_ME_return_MultiCoder_SOAP_4_DCTECH-MC01X_05-10-2016_05-00-00.wav,20160510_me_hour1_feed1,-29.9,3.9,-10.3
14_ME_return_MultiCoder_SOAP_1_DCTECH-MC01X_05-10-2016_06-00-00.wav,20160510_me_hour2_feed1,-29.6,2.7,-13.0
15_ME_musicD_MultiCoder_SOAP_4_DCTECH-MC01X_05-10-2016_05-00-00.wav,20160510_me_hour1_feed1,-29.6,2.0,-16.2
15_ME_musicD_MultiCoder_SOAP_1_DCTECH-MC01X_05-10-2016_06-00-00.wav,20160510_me_hour2_feed1,-29.8,2.6,-14.1
16_ME_fundingCreditC_MultiCoder_SOAP_4_DCTECH-MC01X_05-10-2016_05-00-00.wav,20160510_me_hour1_feed1,-29.2,3.4,-12.2
16_ME_fundingCreditC_MultiCoder_SOAP_1_DCTECH-MC01X_05-10-2016_06-00-00.wav,20160510_me_hour2_feed1,-30.4,4.0,-13.7
17_ME_segmentC_MultiCoder_SOAP_4_DCTECH-MC01X_05-10-2016_05-00-00.wav,20160510_me_hour1_feed1,-30.1,4.8,-9.5
17_ME_segmentC_MultiCoder_SOAP_1_DCTECH-MC01X_05-10-2016_06-00-00.wav,20160510_me_hour2_feed1,-30.9,4.7,-11.1
18_ME_musicE_MultiCoder_SOAP_4_DCTECH-MC01X_05-10-2016_05-00-00.wav,20160510_me_hour1_feed1,-31.7,5.5,-18.5
18_ME_musicE_MultiCoder_SOAP_1_DCTECH-MC01X_05-10-2016_06-00-00.wav,20160510_me_hour2_feed1,-29.7,3.7,-21.6
19_ME_newscast4_MultiCoder_SOAP_4_DCTECH-MC01X_05-10-2016_05-00-00.wav,20160510_me_hour1_feed1,-28.7,5.9,-12.1
19_ME_newscast4_MultiCoder_SOAP_1_DCTECH-MC01X_05-10-2016_06-00-00.wav,20160510_me_hour2_feed1,-29.1,6.4,-9.3
20_ME_HandNpromo_MultiCoder_SOAP_4_DCTECH-MC01X_05-10-2016_05-00-00.wav,20160510_me_hour1_feed1,-29.8,5.0,-13.1
20_ME_HandNpromo_MultiCoder_SOAP_1_DCTECH-MC01X_05-10-2016_06-00-00.wav,20160510_me_hour2_feed1,-30.8,11.0,-16.6
21_ME_musicF_MultiCoder_SOAP_4_DCTECH-MC01X_05-10-2016_05-00-00.wav,20160510_me_hour1_feed1,-29.3,6.1,-17.9
21_ME_musicF_MultiCoder_SOAP_1_DCTECH-MC01X_05-10-2016_06-00-00.wav,20160510_me_hour2_feed1,-28.4,2.6,-19.4
22_ME_fundingCreditD_MultiCoder_SOAP_4_DCTECH-MC01X_05-10-2016_05-00-00.wav,20160510_me_hour1_feed1,-29.6,3.5,-12.7
22_ME_fundingCreditD_MultiCoder_SOAP_1_DCTECH-MC01X_05-10-2016_06-00-00.wav,20160510_me_hour2_feed1,-31.0,3.6,-12.8
23_ME_segmentD_MultiCoder_SOAP_4_DCTECH-MC01X_05-10-2016_05-00-00.wav,20160510_me_hour1_feed1,-30.9,4.3,-11.4
23_ME_segmentD_MultiCoder_SOAP_1_DCTECH-MC01X_05-10-2016_06-00-00.wav,20160510_me_hour2_feed1,-30.1,2.8,-10.5
24_ME_musicG_MultiCoder_SOAP_4_DCTECH-MC01X_05-10-2016_05-00-00.wav,20160510_me_hour1_feed1,-30.4,2.4,-18.3
24_ME_musicG_MultiCoder_SOAP_1_DCTECH-MC01X_05-10-2016_06-00-00.wav,20160510_me_hour2_feed1,-29.7,2.1,-16.0
25_ME_segmentE_MultiCoder_SOAP_4_DCTECH-MC01X_05-10-2016_05-00-00.wav,20160510_me_hour1_feed1,-30.4,3.9,-12.9
25_ME_segmentE_MultiCoder_SOAP_1_DCTECH-MC01X_05-10-2016_06-00-00.wav,20160510_me_hour2_feed1,-30.2,7.6,-11.0
26_ME_musicH_MultiCoder_SOAP_4_DCTECH-MC01X_05-10-2016_05-00-00.wav,20160510_me_hour1_feed1,-32.0,4.4,-17.8
26_ME_musicH_MultiCoder_SOAP_1_DCTECH-MC01X_05-10-2016_06-00-00.wav,20160510_me_hour2_feed1,-29.7,4.7,-19.5
01_ATC_billboard_MultiCoder_SOAP_4_DCTECH-MC01X_05-10-2016_16-00-00.wav,20160510_atc_hour1_feed1,-26.7,4.8,-6.7
01_ATC_billboard_MultiCoder_SOAP_1_DCTECH-MC01X_05-10-2016_17-00-00.wav,20160510_atc_hour2_feed1,-28.3,3.7,-7.9
02_ATC_newscast1_MultiCoder_SOAP_4_DCTECH-MC01X_05-10-2016_16-00-00.wav,20160510_atc_hour1_feed1,-29.8,4.7,-12.4
02_ATC_newscast1_MultiCoder_SOAP_1_DCTECH-MC01X_05-10-2016_17-00-00.wav,20160510_atc_hour2_feed1,-27.9,5.1,-9.7
03_ATC_newscast2_MultiCoder_SOAP_4_DCTECH-MC01X_05-10-2016_16-00-00.wav,20160510_atc_hour1_feed1,-31.3,6.2,-11.6
03_ATC_newscast2_MultiCoder_SOAP_1_DCTECH-MC01X_05-10-2016_17-00-00.wav,20160510_atc_hour2_feed1,-28.9,5.8,-10.0
04_ATC_fundingCreditA_MultiCoder_SOAP_4_DCTECH-MC01X_05-10-2016_16-00-00.wav,20160510_atc_hour1_feed1,-29.6,3.7,-13.0
04_ATC_fundingCreditA_MultiCoder_SOAP_1_DCTECH-MC01X_05-10-2016_17-00-00.wav,20160510_atc_hour2_feed1,-27.5,4.6,-10.0
05_ATC_musicA_MultiCoder_SOAP_4_DCTECH-MC01X_05-10-2016_16-00-00.wav,20160510_atc_hour1_feed1,-32.3,13.1,-13.7
05_ATC_musicA_MultiCoder_SOAP_1_DCTECH-MC01X_05-10-2016_17-00-00.wav,20160510_atc_hour2_feed1,-27.7,3.6,-15.3
06_ATC_segmentA_MultiCoder_SOAP_4_DCTECH-MC01X_05-10-2016_16-00-00.wav,20160510_atc_hour1_feed1,-28.3,4.5,-4.1
06_ATC_segmentA_MultiCoder_SOAP_1_DCTECH-MC01X_05-10-2016_17-00-00.wav,20160510_atc_hour2_feed1,-28.5,4.5,-6.1
07_ATC_musicB_MultiCoder_SOAP_4_DCTECH-MC01X_05-10-2016_16-00-00.wav,20160510_atc_hour1_feed1,-29.4,7.3,-11.1
07_ATC_musicB_MultiCoder_SOAP_1_DCTECH-MC01X_05-10-2016_17-00-00.wav,20160510_atc_hour2_feed1,-27.9,2.6,-16.2
08_ATC_fundingCreditB_MultiCoder_SOAP_4_DCTECH-MC01X_05-10-2016_16-00-00.wav,20160510_atc_hour1_feed1,-28.8,3.3,-13.4
08_ATC_fundingCreditB_MultiCoder_SOAP_1_DCTECH-MC01X_05-10-2016_17-00-00.wav,20160510_atc_hour2_feed1,-29.0,2.6,-13.3
09_ATC_segmentB_MultiCoder_SOAP_4_DCTECH-MC01X_05-10-2016_16-00-00.wav,20160510_atc_hour1_feed1,-28.7,3.9,-7.9
09_ATC_segmentB_MultiCoder_SOAP_1_DCTECH-MC01X_05-10-2016_17-00-00.wav,20160510_atc_hour2_feed1,-28.9,5.5,-9.2
10_ATC_MEpromo_MultiCoder_SOAP_4_DCTECH-MC01X_05-10-2016_16-00-00.wav,20160510_atc_hour1_feed1,-29.3,10.0,-13.0
10_ATC_MEpromo_MultiCoder_SOAP_1_DCTECH-MC01X_05-10-2016_17-00-00.wav,20160510_atc_hour2_feed1,-29.3,10.2,-12.8
11_ATC_musicC_MultiCoder_SOAP_4_DCTECH-MC01X_05-10-2016_16-00-00.wav,20160510_atc_hour1_feed1,-31.4,5.1,-15.5
11_ATC_musicC_MultiCoder_SOAP_1_DCTECH-MC01X_05-10-2016_17-00-00.wav,20160510_atc_hour2_feed1,-30.4,8.1,-15.4
12_ATC_return_MultiCoder_SOAP_4_DCTECH-MC01X_05-10-2016_16-00-00.wav,20160510_atc_hour1_feed1,-27.8,5.0,-9.1
12_ATC_return_MultiCoder_SOAP_1_DCTECH-MC01X_05-10-2016_17-00-00.wav,20160510_atc_hour2_feed1,-27.7,5.5,-7.4
13_ATC_newscast3_MultiCoder_SOAP_4_DCTECH-MC01X_05-10-2016_16-00-00.wav,20160510_atc_hour1_feed1,-33.3,4.2,-13.6
13_ATC_newscast3_MultiCoder_SOAP_1_DCTECH-MC01X_05-10-2016_17-00-00.wav,20160510_atc_hour2_feed1,-31.9,4.5,-12.0
14_ATC_newscast4_MultiCoder_SOAP_4_DCTECH-MC01X_05-10-2016_16-00-00.wav,20160510_atc_hour1_feed1,-33.2,4.8,-14.8
14_ATC_newscast4_MultiCoder_SOAP_1_DCTECH-MC01X_05-10-2016_17-00-00.wav,20160510_atc_hour2_feed1,-33.8,4.2,-14.5
15_ATC_musicD_MultiCoder_SOAP_4_DCTECH-MC01X_05-10-2016_16-00-00.wav,20160510_atc_hour1_feed1,-30.8,7.9,-11.3
15_ATC_musicD_MultiCoder_SOAP_1_DCTECH-MC01X_05-10-2016_17-00-00.wav,20160510_atc_hour2_feed1,-28.5,7.1,-14.8
16_ATC_fundingCreditC_MultiCoder_SOAP_4_DCTECH-MC01X_05-10-2016_16-00-00.wav,20160510_atc_hour1_feed1,-28.8,3.2,-10.7
16_ATC_fundingCreditC_MultiCoder_SOAP_1_DCTECH-MC01X_05-10-2016_17-00-00.wav,20160510_atc_hour2_feed1,-30.0,4.0,-11.5
17_ATC_segmentC_MultiCoder_SOAP_4_DCTECH-MC01X_05-10-2016_16-00-00.wav,20160510_atc_hour1_feed1,-28.4,6.0,-6.2
17_ATC_segmentC_MultiCoder_SOAP_1_DCTECH-MC01X_05-10-2016_17-00-00.wav,20160510_atc_hour2_feed1,-27.9,5.7,-4.6
18_ATC_segmentD_MultiCoder_SOAP_4_DCTECH-MC01X_05-10-2016_16-00-00.wav,20160510_atc_hour1_feed1,-28.4,2.7,-9.4
18_ATC_segmentD_MultiCoder_SOAP_1_DCTECH-MC01X_05-10-2016_17-00-00.wav,20160510_atc_hour2_feed1,-27.8,4.7,-7.3
19_ATC_musicE_MultiCoder_SOAP_4_DCTECH-MC01X_05-10-2016_16-00-00.wav,20160510_atc_hour1_feed1,-28.0,2.0,-18.7
19_ATC_musicE_MultiCoder_SOAP_1_DCTECH-MC01X_05-10-2016_17-00-00.wav,20160510_atc_hour2_feed1,-28.7,4.8,-13.3
20_ATC_segmentE_MultiCoder_SOAP_4_DCTECH-MC01X_05-10-2016_16-00-00.wav,20160510_atc_hour1_feed1,-28.8,4.2,-7.9
20_ATC_segmentE_MultiCoder_SOAP_1_DCTECH-MC01X_05-10-2016_17-00-00.wav,20160510_atc_hour2_feed1,-28.6,5.0,-7.0
21_ATC_fundingCreditD_MultiCoder_SOAP_4_DCTECH-MC01X_05-10-2016_16-00-00.wav,20160510_atc_hour1_feed1,-28.3,3.6,-12.3
21_ATC_fundingCreditD_MultiCoder_SOAP_1_DCTECH-MC01X_05-10-2016_17-00-00.wav,20160510_atc_hour2_feed1,-29.4,3.1,-11.9
22_ATC_musicF_MultiCoder_SOAP_4_DCTECH-MC01X_05-10-2016_16-00-00.wav,20160510_atc_hour1_feed1,-28.0,3.7,-14.0
22_ATC_musicF_MultiCoder_SOAP_1_DCTECH-MC01X_05-10-2016_17-00-00.wav,20160510_atc_hour2_feed1,-30.3,5.5,-12.6
01_ME_billboard_MultiCoder_SOAP_4_DCTECH-MC01X_05-11-2016_05-00-00.wav,20160511_me_hour1_feed1,-29.6,3.1,-13.6
01_ME_billboard_MultiCoder_SOAP_1_DCTECH-MC01X_05-11-2016_06-00-00.wav,20160511_me_hour2_feed1,-30.9,2.6,-15.2
02_ME_newscast1_MultiCoder_SOAP_4_DCTECH-MC01X_05-11-2016_05-00-00.wav,20160511_me_hour1_feed1,-29.2,5.3,-12.0
02_ME_newscast1_MultiCoder_SOAP_1_DCTECH-MC01X_05-11-2016_06-00-00.wav,20160511_me_hour2_feed1,-31.7,3.7,-14.7
03_ME_newscast2_MultiCoder_SOAP_4_DCTECH-MC01X_05-11-2016_05-00-00.wav,20160511_me_hour1_feed1,-29.8,3.6,-11.0
03_ME_newscast2_MultiCoder_SOAP_1_DCTECH-MC01X_05-11-2016_06-00-00.wav,20160511_me_hour2_feed1,-31.3,5.2,-8.6
04_ME_fundingCreditA_MultiCoder_SOAP_4_DCTECH-MC01X_05-11-2016_05-00-00.wav,20160511_me_hour1_feed1,-26.5,2.9,-11.9
04_ME_fundingCreditA_MultiCoder_SOAP_1_DCTECH-MC01X_05-11-2016_06-00-00.wav,20160511_me_hour2_feed1,-28.3,5.0,-11.6
05_ME_musicA_MultiCoder_SOAP_4_DCTECH-MC01X_05-11-2016_05-00-00.wav,20160511_me_hour1_feed1,-30.0,4.3,-14.6
05_ME_musicA_MultiCoder_SOAP_1_DCTECH-MC01X_05-11-2016_06-00-00.wav,20160511_me_hour2_feed1,-31.9,5.3,-16.3
06_ME_segmentA_MultiCoder_SOAP_4_DCTECH-MC01X_05-11-2016_05-00-00.wav,20160511_me_hour1_feed1,-30.6,6.7,-6.9
06_ME_segmentA_MultiCoder_SOAP_1_DCTECH-MC01X_05-11-2016_06-00-00.wav,20160511_me_hour2_feed1,-30.8,4.9,-6.0
07_ME_musicB_MultiCoder_SOAP_4_DCTECH-MC01X_05-11-2016_05-00-00.wav,20160511_me_hour1_feed1,-28.8,5.8,-15.0
07_ME_musicB_MultiCoder_SOAP_1_DCTECH-MC01X_05-11-2016_06-00-00.wav,20160511_me_hour2_feed1,-30.3,3.5,-17.2
08_ME_newscast3_MultiCoder_SOAP_4_DCTECH-MC01X_05-11-2016_05-00-00.wav,20160511_me_hour1_feed1,-29.0,4.8,-11.4
08_ME_newscast3_MultiCoder_SOAP_1_DCTECH-MC01X_05-11-2016_06-00-00.wav,20160511_me_hour2_feed1,-28.2,3.7,-10.5
09_ME_FApromo_MultiCoder_SOAP_4_DCTECH-MC01X_05-11-2016_05-00-00.wav,20160511_me_hour1_feed1,-31.0,10.6,-11.8
09_ME_FApromo_MultiCoder_SOAP_1_DCTECH-MC01X_05-11-2016_06-00-00.wav,20160511_me_hour2_feed1,-30.7,10.3,-11.3
10_ME_musicC_MultiCoder_SOAP_4_DCTECH-MC01X_05-11-2016_05-00-00.wav,20160511_me_hour1_feed1,-31.4,5.9,-18.1
10_ME_musicC_MultiCoder_SOAP_1_DCTECH-MC01X_05-11-2016_06-00-00.wav,20160511_me_hour2_feed1,-29.8,2.3,-19.8
11_ME_fundingCreditB_MultiCoder_SOAP_4_DCTECH-MC01X_05-11-2016_05-00-00.wav,20160511_me_hour1_feed1,-30.4,3.9,-13.6
11_ME_fundingCreditB_MultiCoder_SOAP_1_DCTECH-MC01X_05-11-2016_06-00-00.wav,20160511_me_hour2_feed1,-30.6,3.3,-13.2
12_ME_segmentB_MultiCoder_SOAP_4_DCTECH-MC01X_05-11-2016_05-00-00.wav,20160511_me_hour1_feed1,-30.2,4.0,-11.6
12_ME_segmentB_MultiCoder_SOAP_1_DCTECH-MC01X_05-11-2016_06-00-00.wav,20160511_me_hour2_feed1,-30.0,3.9,-11.2
13_ME_ATCpromo_MultiCoder_SOAP_4_DCTECH-MC01X_05-11-2016_05-00-00.wav,20160511_me_hour1_feed1,-30.6,8.0,-14.2
13_ME_ATCpromo_MultiCoder_SOAP_1_DCTECH-MC01X_05-11-2016_06-00-00.wav,20160511_me_hour2_feed1,-31.2,8.3,-14.9
14_ME_return_MultiCoder_SOAP_4_DCTECH-MC01X_05-11-2016_05-00-00.wav,20160511_me_hour1_feed1,-30.0,3.4,-12.9
14_ME_return_MultiCoder_SOAP_1_DCTECH-MC01X_05-11-2016_06-00-00.wav,20160511_me_hour2_feed1,-30.8,2.5,-16.7
15_ME_musicD_MultiCoder_SOAP_4_DCTECH-MC01X_05-11-2016_05-00-00.wav,20160511_me_hour1_feed1,-29.3,4.3,-17.4
15_ME_musicD_MultiCoder_SOAP_1_DCTECH-MC01X_05-11-2016_06-00-00.wav,20160511_me_hour2_feed1,-30.0,4.2,-17.6
16_ME_fundingCreditC_MultiCoder_SOAP_4_DCTECH-MC01X_05-11-2016_05-00-00.wav,20160511_me_hour1_feed1,-30.9,3.1,-13.8
16_ME_fundingCreditC_MultiCoder_SOAP_1_DCTECH-MC01X_05-11-2016_06-00-00.wav,20160511_me_hour2_feed1,-29.4,4.0,-13.1
17_ME_segmentC_MultiCoder_SOAP_4_DCTECH-MC01X_05-11-2016_05-00-00.wav,20160511_me_hour1_feed1,-29.7,4.2,-10.6
17_ME_segmentC_MultiCoder_SOAP_1_DCTECH-MC01X_05-11-2016_06-00-00.wav,20160511_me_hour2_feed1,-30.1,5.0,-8.9
18_ME_musicE_MultiCoder_SOAP_4_DCTECH-MC01X_05-11-2016_05-00-00.wav,20160511_me_hour1_feed1,-30.6,2.9,-14.3
18_ME_musicE_MultiCoder_SOAP_1_DCTECH-MC01X_05-11-2016_06-00-00.wav,20160511_me_hour2_feed1,-30.5,4.3,-15.7
19_ME_newscast4_MultiCoder_SOAP_4_DCTECH-MC01X_05-11-2016_05-00-00.wav,20160511_me_hour1_feed1,-28.9,5.3,-9.3
19_ME_newscast4_MultiCoder_SOAP_1_DCTECH-MC01X_05-11-2016_06-00-00.wav,20160511_me_hour2_feed1,-28.0,5.7,-9.5
20_ME_HandNpromo_MultiCoder_SOAP_4_DCTECH-MC01X_05-11-2016_05-00-00.wav,20160511_me_hour1_feed1,-29.5,4.3,-12.0
20_ME_HandNpromo_MultiCoder_SOAP_1_DCTECH-MC01X_05-11-2016_06-00-00.wav,20160511_me_hour2_feed1,-29.8,3.9,-15.8
21_ME_musicF_MultiCoder_SOAP_4_DCTECH-MC01X_05-11-2016_05-00-00.wav,20160511_me_hour1_feed1,-30.7,2.8,-15.6
21_ME_musicF_MultiCoder_SOAP_1_DCTECH-MC01X_05-11-2016_06-00-00.wav,20160511_me_hour2_feed1,-29.2,3.7,-18.8
22_ME_fundingCreditD_MultiCoder_SOAP_4_DCTECH-MC01X_05-11-2016_05-00-00.wav,20160511_me_hour1_feed1,-31.1,3.5,-13.4
22_ME_fundingCreditD_MultiCoder_SOAP_1_DCTECH-MC01X_05-11-2016_06-00-00.wav,20160511_me_hour2_feed1,-32.2,3.9,-14.1
23_ME_segmentD_MultiCoder_SOAP_4_DCTECH-MC01X_05-11-2016_05-00-00.wav,20160511_me_hour1_feed1,-30.4,3.5,-12.1
23_ME_segmentD_MultiCoder_SOAP_1_DCTECH-MC01X_05-11-2016_06-00-00.wav,20160511_me_hour2_feed1,-30.7,3.4,-12.7
24_ME_musicG_MultiCoder_SOAP_4_DCTECH-MC01X_05-11-2016_05-00-00.wav,20160511_me_hour1_feed1,-30.0,2.0,-19.7
24_ME_musicG_MultiCoder_SOAP_1_DCTECH-MC01X_05-11-2016_06-00-00.wav,20160511_me_hour2_feed1,-31.0,5.2,-15.5
25_ME_segmentE_MultiCoder_SOAP_4_DCTECH-MC01X_05-11-2016_05-00-00.wav,20160511_me_hour1_feed1,-30.5,5.1,-9.2
25_ME_segmentE_MultiCoder_SOAP_1_DCTECH-MC01X_05-11-2016_06-00-00.wav,20160511_me_hour2_feed1,-31.0,5.9,-11.0
26_ME_musicH_MultiCoder_SOAP_4_DCTECH-MC01X_05-11-2016_05-00-00.wav,20160511_me_hour1_feed1,-30.3,5.7,-15.2
26_ME_musicH_MultiCoder_SOAP_1_DCTECH-MC01X_05-11-2016_06-00-00.wav,20160511_me_hour2_feed1,-29.5,6.2,-18.4
01_ATC_billboard_MultiCoder_SOAP_4_DCTECH-MC01X_05-11-2016_16-00-00.wav,20160511_atc_hour1_feed1,-27.7,3.9,-10.4
01_ATC_billboard_MultiCoder_SOAP_1_DCTECH-MC01X_05-11-2016_17-00-00.wav,20160511_atc_hour2_feed1,-28.4,5.1,-10.0
02_ATC_newscast1_MultiCoder_SOAP_4_DCTECH-MC01X_05-11-2016_16-00-00.wav,20160511_atc_hour1_feed1,-29.5,6.8,-10.0
02_ATC_newscast1_MultiCoder_SOAP_1_DCTECH-MC01X_05-11-2016_17-00-00.wav,20160511_atc_hour2_feed1,-27.4,4.9,-7.3
03_ATC_newscast2_MultiCoder_SOAP_4_DCTECH-MC01X_05-11-2016_16-00-00.wav,20160511_atc_hour1_feed1,-29.7,9.5,-12.4
03_ATC_newscast2_MultiCoder_SOAP_1_DCTECH-MC01X_05-11-2016_17-00-00.wav,20160511_atc_hour2_feed1,-28.2,5.2,-8.2
04_ATC_fundingCreditA_MultiCoder_SOAP_4_DCTECH-MC01X_05-11-2016_16-00-00.wav,20160511_atc_hour1_feed1,-25.7,2.7,-10.4
04_ATC_fundingCreditA_MultiCoder_SOAP_1_DCTECH-MC01X_05-11-2016_17-00-00.wav,20160511_atc_hour2_feed1,-29.9,3.2,-15.4
05_ATC_musicA_MultiCoder_SOAP_4_DCTECH-MC01X_05-11-2016_16-00-00.wav,20160511_atc_hour1_feed1,-29.3,6.5,-16.4
05_ATC_musicA_MultiCoder_SOAP_1_DCTECH-MC01X_05-11-2016_17-00-00.wav,20160511_atc_hour2_feed1,-28.5,6.4,-9.6
06_ATC_segmentA_MultiCoder_SOAP_4_DCTECH-MC01X_05-11-2016_16-00-00.wav,20160511_atc_hour1_feed1,-28.6,4.0,-6.9
06_ATC_segmentA_MultiCoder_SOAP_1_DCTECH-MC01X_05-11-2016_17-00-00.wav,20160511_atc_hour2_feed1,-28.4,5.4,-7.5
07_ATC_musicB_MultiCoder_SOAP_4_DCTECH-MC01X_05-11-2016_16-00-00.wav,20160511_atc_hour1_feed1,-26.9,2.5,-12.7
07_ATC_musicB_MultiCoder_SOAP_1_DCTECH-MC01X_05-11-2016_17-00-00.wav,20160511_atc_hour2_feed1,-27.8,5.7,-11.2
08_ATC_fundingCreditB_MultiCoder_SOAP_4_DCTECH-MC01X_05-11-2016_16-00-00.wav,20160511_atc_hour1_feed1,-28.9,4.5,-12.2
08_ATC_fundingCreditB_MultiCoder_SOAP_1_DCTECH-MC01X_05-11-2016_17-00-00.wav,20160511_atc_hour2_feed1,-28.6,3.4,-13.1
09_ATC_segmentB_MultiCoder_SOAP_4_DCTECH-MC01X_05-11-2016_16-00-00.wav,20160511_atc_hour1_feed1,-29.4,5.0,-9.1
09_ATC_segmentB_MultiCoder_SOAP_1_DCTECH-MC01X_05-11-2016_17-00-00.wav,20160511_atc_hour2_feed1,-28.4,3.8,-8.9
10_ATC_MEpromo_MultiCoder_SOAP_4_DCTECH-MC01X_05-11-2016_16-00-00.wav,20160511_atc_hour1_feed1,-29.6,7.5,-9.6
10_ATC_MEpromo_MultiCoder_SOAP_1_DCTECH-MC01X_05-11-2016_17-00-00.wav,20160511_atc_hour2_feed1,-29.0,9.1,-8.7
11_ATC_musicC_MultiCoder_SOAP_4_DCTECH-MC01X_05-11-2016_16-00-00.wav,20160511_atc_hour1_feed1,-29.2,9.4,-14.9
11_ATC_musicC_MultiCoder_SOAP_1_DCTECH-MC01X_05-11-2016_17-00-00.wav,20160511_atc_hour2_feed1,-28.8,11.6,-12.8
12_ATC_return_MultiCoder_SOAP_4_DCTECH-MC01X_05-11-2016_16-00-00.wav,20160511_atc_hour1_feed1,-29.1,3.7,-10.2
12_ATC_return_MultiCoder_SOAP_1_DCTECH-MC01X_05-11-2016_17-00-00.wav,20160511_atc_hour2_feed1,-29.1,3.8,-8.8
13_ATC_newscast3_MultiCoder_SOAP_4_DCTECH-MC01X_05-11-2016_16-00-00.wav,20160511_atc_hour1_feed1,-30.9,5.5,-11.9
13_ATC_newscast3_MultiCoder_SOAP_1_DCTECH-MC01X_05-11-2016_17-00-00.wav,20160511_atc_hour2_feed1,-28.9,5.1,-8.6
14_ATC_newscast4_MultiCoder_SOAP_4_DCTECH-MC01X_05-11-2016_16-00-00.wav,20160511_atc_hour1_feed1,-30.9,4.4,-13.7
14_ATC_newscast4_MultiCoder_SOAP_1_DCTECH-MC01X_05-11-2016_17-00-00.wav,20160511_atc_hour2_feed1,-28.5,5.4,-8.6
15_ATC_musicD_MultiCoder_SOAP_4_DCTECH-MC01X_05-11-2016_16-00-00.wav,20160511_atc_hour1_feed1,-31.0,6.7,-10.9
15_ATC_musicD_MultiCoder_SOAP_1_DCTECH-MC01X_05-11-2016_17-00-00.wav,20160511_atc_hour2_feed1,-26.0,4.7,-12.7
16_ATC_fundingCreditC_MultiCoder_SOAP_4_DCTECH-MC01X_05-11-2016_16-00-00.wav,20160511_atc_hour1_feed1,-29.8,3.6,-13.7
16_ATC_fundingCreditC_MultiCoder_SOAP_1_DCTECH-MC01X_05-11-2016_17-00-00.wav,20160511_atc_hour2_feed1,-28.7,3.3,-12.8
17_ATC_segmentC_MultiCoder_SOAP_4_DCTECH-MC01X_05-11-2016_16-00-00.wav,20160511_atc_hour1_feed1,-28.5,4.6,-8.0
17_ATC_segmentC_MultiCoder_SOAP_1_DCTECH-MC01X_05-11-2016_17-00-00.wav,20160511_atc_hour2_feed1,-28.9,3.7,-9.2
18_ATC_segmentD_MultiCoder_SOAP_4_DCTECH-MC01X_05-11-2016_16-00-00.wav,20160511_atc_hour1_feed1,-28.5,4.8,-6.5
18_ATC_segmentD_MultiCoder_SOAP_1_DCTECH-MC01X_05-11-2016_17-00-00.wav,20160511_atc_hour2_feed1,-29.0,4.3,-7.6
19_ATC_musicE_MultiCoder_SOAP_4_DCTECH-MC01X_05-11-2016_16-00-00.wav,20160511_atc_hour1_feed1,-28.9,5.8,-13.2
19_ATC_musicE_MultiCoder_SOAP_1_DCTECH-MC01X_05-11-2016_17-00-00.wav,20160511_atc_hour2_feed1,-28.3,6.5,-13.1
20_ATC_segmentE_MultiCoder_SOAP_4_DCTECH-MC01X_05-11-2016_16-00-00.wav,20160511_atc_hour1_feed1,-28.7,4.1,-6.4
20_ATC_segmentE_MultiCoder_SOAP_1_DCTECH-MC01X_05-11-2016_17-00-00.wav,20160511_atc_hour2_feed1,-28.5,6.6,-8.5
21_ATC_fundingCreditD_MultiCoder_SOAP_4_DCTECH-MC01X_05-11-2016_16-00-00.wav,20160511_atc_hour1_feed1,-28.9,3.0,-12.7
21_ATC_fundingCreditD_MultiCoder_SOAP_1_DCTECH-MC01X_05-11-2016_17-00-00.wav,20160511_atc_hour2_feed1,-28.7,3.4,-13.4
22_ATC_musicF_MultiCoder_SOAP_4_DCTECH-MC01X_05-11-2016_16-00-00.wav,20160511_atc_hour1_feed1,-29.7,4.2,-12.9
22_ATC_musicF_MultiCoder_SOAP_1_DCTECH-MC01X_05-11-2016_17-00-00.wav,20160511_atc_hour2_feed1,-26.2,6.7,-12.0
01_ME_billboard_MultiCoder_SOAP_4_DCTECH-MC01X_05-12-2016_05-00-00.wav,20160512_me_hour1_feed1,-30.3,3.4,-13.9
01_ME_billboard_MultiCoder_SOAP_1_DCTECH-MC01X_05-12-2016_06-00-00.wav,20160512_me_hour2_feed1,-30.8,2.8,-14.2
02_ME_newscast1_MultiCoder_SOAP_4_DCTECH-MC01X_05-12-2016_05-00-00.wav,20160512_me_hour1_feed1,-28.8,5.6,-9.2
02_ME_newscast1_MultiCoder_SOAP_1_DCTECH-MC01X_05-12-2016_06-00-00.wav,20160512_me_hour2_feed1,-30.1,5.9,-9.5
03_ME_newscast2_MultiCoder_SOAP_4_DCTECH-MC01X_05-12-2016_05-00-00.wav,20160512_me_hour1_feed1,-29.0,4.2,-11.9
03_ME_newscast2_MultiCoder_SOAP_1_DCTECH-MC01X_05-12-2016_06-00-00.wav,20160512_me_hour2_feed1,-32.3,4.0,-12.8
04_ME_fundingCreditA_MultiCoder_SOAP_4_DCTECH-MC01X_05-12-2016_05-00-00.wav,20160512_me_hour1_feed1,-27.8,3.1,-12.4
04_ME_fundingCreditA_MultiCoder_SOAP_1_DCTECH-MC01X_05-12-2016_06-00-00.wav,20160512_me_hour2_feed1,-28.3,3.5,-12.6
05_ME_musicA_MultiCoder_SOAP_4_DCTECH-MC01X_05-12-2016_05-00-00.wav,20160512_me_hour1_feed1,-31.2,5.6,-16.1
05_ME_musicA_MultiCoder_SOAP_1_DCTECH-MC01X_05-12-2016_06-00-00.wav,20160512_me_hour2_feed1,-31.6,5.7,-16.3
06_ME_segmentA_MultiCoder_SOAP_4_DCTECH-MC01X_05-12-2016_05-00-00.wav,20160512_me_hour1_feed1,-30.2,4.7,-8.6
06_ME_segmentA_MultiCoder_SOAP_1_DCTECH-MC01X_05-12-2016_06-00-00.wav,20160512_me_hour2_feed1,-30.5,4.4,-7.6
07_ME_musicB_MultiCoder_SOAP_4_DCTECH-MC01X_05-12-2016_05-00-00.wav,20160512_me_hour1_feed1,-30.5,5.4,-16.8
07_ME_musicB_MultiCoder_SOAP_1_DCTECH-MC01X_05-12-2016_06-00-00.wav,20160512_me_hour2_feed1,-30.4,5.2,-14.2
08_ME_newscast3_MultiCoder_SOAP_4_DCTECH-MC01X_05-12-2016_05-00-00.wav,20160512_me_hour1_feed1,-28.8,4.9,-11.8
08_ME_newscast3_MultiCoder_SOAP_1_DCTECH-MC01X_05-12-2016_06-00-00.wav,20160512_me_hour2_feed1,-29.3,4.2,-12.2
09_ME_FApromo_MultiCoder_SOAP_4_DCTECH-MC01X_05-12-2016_05-00-00.wav,20160512_me_hour1_feed1,-29.5,5.0,-13.6
09_ME_FApromo_MultiCoder_SOAP_1_DCTECH-MC01X_05-12-2016_06-00-00.wav,20160512_me_hour2_feed1,-31.4,7.0,-15.5
10_ME_musicC_MultiCoder_SOAP_4_DCTECH-MC01X_05-12-2016_05-00-00.wav,20160512_me_hour1_feed1,-30.4,3.9,-18.2
10_ME_musicC_MultiCoder_SOAP_1_DCTECH-MC01X_05-12-2016_06-00-00.wav,20160512_me_hour2_feed1,-31.7,3.8,-16.1
11_ME_fundingCreditB_MultiCoder_SOAP_4_DCTECH-MC01X_05-12-2016_05-00-00.wav,20160512_me_hour1_feed1,-30.5,4.1,-13.6
11_ME_fundingCreditB_MultiCoder_SOAP_1_DCTECH-MC01X_05-12-2016_06-00-00.wav,20160512_me_hour2_feed1,-31.1,3.7,-12.7
12_ME_segmentB_MultiCoder_SOAP_4_DCTECH-MC01X_05-12-2016_05-00-00.wav,20160512_me_hour1_feed1,-30.4,4.1,-11.6
12_ME_segmentB_MultiCoder_SOAP_1_DCTECH-MC01X_05-12-2016_06-00-00.wav,20160512_me_hour2_feed1,-30.1,4.8,-11.3
13_ME_ATCpromo_MultiCoder_SOAP_4_DCTECH-MC01X_05-12-2016_05-00-00.wav,20160512_me_hour1_feed1,-30.8,10.4,-13.7
13_ME_ATCpromo_MultiCoder_SOAP_1_DCTECH-MC01X_05-12-2016_06-00-00.wav,20160512_me_hour2_feed1,-30.8,10.0,-14.0
14_ME_return_MultiCoder_SOAP_4_DCTECH-MC01X_05-12-2016_05-00-00.wav,20160512_me_hour1_feed1,-30.0,3.3,-12.4
14_ME_return_MultiCoder_SOAP_1_DCTECH-MC01X_05-12-2016_06-00-00.wav,20160512_me_hour2_feed1,-29.4,2.1,-14.8
15_ME_musicD_MultiCoder_SOAP_4_DCTECH-MC01X_05-12-2016_05-00-00.wav,20160512_me_hour1_feed1,-29.8,2.0,-17.1
15_ME_musicD_MultiCoder_SOAP_1_DCTECH-MC01X_05-12-2016_06-00-00.wav,20160512_me_hour2_feed1,-31.1,4.1,-17.5
16_ME_fundingCreditC_MultiCoder_SOAP_4_DCTECH-MC01X_05-12-2016_05-00-00.wav,20160512_me_hour1_feed1,-29.9,4.1,-13.4
16_ME_fundingCreditC_MultiCoder_SOAP_1_DCTECH-MC01X_05-12-2016_06-00-00.wav,20160512_me_hour2_feed1,-30.9,4.1,-15.1
17_ME_segmentC_MultiCoder_SOAP_4_DCTECH-MC01X_05-12-2016_05-00-00.wav,20160512_me_hour1_feed1,-30.0,3.8,-9.2
17_ME_segmentC_MultiCoder_SOAP_1_DCTECH-MC01X_05-12-2016_06-00-00.wav,20160512_me_hour2_feed1,-31.0,5.0,-8.1
18_ME_musicE_MultiCoder_SOAP_4_DCTECH-MC01X_05-12-2016_05-00-00.wav,20160512_me_hour1_feed1,-28.8,2.8,-18.6
18_ME_musicE_MultiCoder_SOAP_1_DCTECH-MC01X_05-12-2016_06-00-00.wav,20160512_me_hour2_feed1,-30.6,3.2,-19.1
19_ME_newscast4_MultiCoder_SOAP_4_DCTECH-MC01X_05-12-2016_05-00-00.wav,20160512_me_hour1_feed1,-28.7,5.0,-10.1
19_ME_newscast4_MultiCoder_SOAP_1_DCTECH-MC01X_05-12-2016_06-00-00.wav,20160512_me_hour2_feed1,-28.6,4.2,-11.3
20_ME_HandNpromo_MultiCoder_SOAP_4_DCTECH-MC01X_05-12-2016_05-00-00.wav,20160512_me_hour1_feed1,-31.1,6.1,-14.0
20_ME_HandNpromo_MultiCoder_SOAP_1_DCTECH-MC01X_05-12-2016_06-00-00.wav,20160512_me_hour2_feed1,-30.6,6.6,-15.0
21_ME_musicF_MultiCoder_SOAP_4_DCTECH-MC01X_05-12-2016_05-00-00.wav,20160512_me_hour1_feed1,-29.5,5.7,-17.1
21_ME_musicF_MultiCoder_SOAP_1_DCTECH-MC01X_05-12-2016_06-00-00.wav,20160512_me_hour2_feed1,-29.5,4.0,-13.6
22_ME_fundingCreditD_MultiCoder_SOAP_4_DCTECH-MC01X_05-12-2016_05-00-00.wav,20160512_me_hour1_feed1,-30.8,3.8,-14.4
22_ME_fundingCreditD_MultiCoder_SOAP_1_DCTECH-MC01X_05-12-2016_06-00-00.wav,20160512_me_hour2_feed1,-31.6,3.7,-16.3
23_ME_segmentD_MultiCoder_SOAP_4_DCTECH-MC01X_05-12-2016_05-00-00.wav,20160512_me_hour1_feed1,-29.6,3.4,-13.1
23_ME_segmentD_MultiCoder_SOAP_1_DCTECH-MC01X_05-12-2016_06-00-00.wav,20160512_me_hour2_feed1,-30.6,4.5,-11.6
24_ME_musicG_MultiCoder_SOAP_4_DCTECH-MC01X_05-12-2016_05-00-00.wav,20160512_me_hour1_feed1,-29.6,3.9,-15.9
24_ME_musicG_MultiCoder_SOAP_1_DCTECH-MC01X_05-12-2016_06-00-00.wav,20160512_me_hour2_feed1,-30.2,4.6,-18.3
25_ME_segmentE_MultiCoder_SOAP_4_DCTECH-MC01X_05-12-2016_05-00-00.wav,20160512_me_hour1_feed1,-29.9,5.0,-10.9
25_ME_segmentE_MultiCoder_SOAP_1_DCTECH-MC01X_05-12-2016_06-00-00.wav,20160512_me_hour2_feed1,-30.0,5.9,-10.3
26_ME_musicH_MultiCoder_SOAP_4_DCTECH-MC01X_05-12-2016_05-00-00.wav,20160512_me_hour1_feed1,-29.4,3.8,-16.6
26_ME_musicH_MultiCoder_SOAP_1_DCTECH-MC01X_05-12-2016_06-00-00.wav,20160512_me_hour2_feed1,-30.6,5.8,-15.0
01_ATC_billboard_MultiCoder_SOAP_4_DCTECH-MC01X_05-12-2016_16-00-00.wav,20160512_atc_hour1_feed1,-28.1,3.6,-11.1
01_ATC_billboard_MultiCoder_SOAP_1_DCTECH-MC01X_05-12-2016_17-00-00.wav,20160512_atc_hour2_feed1,-28.5,3.6,-8.9
02_ATC_newscast1_MultiCoder_SOAP_4_DCTECH-MC01X_05-12-2016_16-00-00.wav,20160512_atc_hour1_feed1,-28.6,3.9,-9.9
02_ATC_newscast1_MultiCoder_SOAP_1_DCTECH-MC01X_05-12-2016_17-00-00.wav,20160512_atc_hour2_feed1,-29.1,4.4,-8.0
03_ATC_newscast2_MultiCoder_SOAP_4_DCTECH-MC01X_05-12-2016_16-00-00.wav,20160512_atc_hour1_feed1,-28.4,6.3,-10.9
03_ATC_newscast2_MultiCoder_SOAP_1_DCTECH-MC01X_05-12-2016_17-00-00.wav,20160512_atc_hour2_feed1,-28.6,3.8,-10.3
04_ATC_fundingCreditA_MultiCoder_SOAP_4_DCTECH-MC01X_05-12-2016_16-00-00.wav,20160512_atc_hour1_feed1,-29.7,2.9,-13.1
04_ATC_fundingCreditA_MultiCoder_SOAP_1_DCTECH-MC01X_05-12-2016_17-00-00.wav,20160512_atc_hour2_feed1,-28.2,3.6,-14.2
05_ATC_musicA_MultiCoder_SOAP_4_DCTECH-MC01X_05-12-2016_16-00-00.wav,20160512_atc_hour1_feed1,-28.3,3.2,-15.0
05_ATC_musicA_MultiCoder_SOAP_1_DCTECH-MC01X_05-12-2016_17-00-00.wav,20160512_atc_hour2_feed1,-29.2,3.8,-15.2
06_ATC_segmentA_MultiCoder_SOAP_4_DCTECH-MC01X_05-12-2016_16-00-00.wav,20160512_atc_hour1_feed1,-28.9,5.0,-7.0
06_ATC_segmentA_MultiCoder_SOAP_1_DCTECH-MC01X_05-12-2016_17-00-00.wav,20160512_atc_hour2_feed1,-29.4,5.9,-7.7
07_ATC_musicB_MultiCoder_SOAP_4_DCTECH-MC01X_05-12-2016_16-00-00.wav,20160512_atc_hour1_feed1,-28.5,4.1,-12.6
07_ATC_musicB_MultiCoder_SOAP_1_DCTECH-MC01X_05-12-2016_17-00-00.wav,20160512_atc_hour2_feed1,-28.0,3.6,-12.5
08_ATC_fundingCreditB_MultiCoder_SOAP_4_DCTECH-MC01X_05-12-2016_16-00-00.wav,20160512_atc_hour1_feed1,-30.2,3.6,-13.8
08_ATC_fundingCreditB_MultiCoder_SOAP_1_DCTECH-MC01X_05-12-2016_17-00-00.wav,20160512_atc_hour2_feed1,-28.2,5.0,-12.5
09_ATC_segmentB_MultiCoder_SOAP_4_DCTECH-MC01X_05-12-2016_16-00-00.wav,20160512_atc_hour1_feed1,-28.7,5.3,-5.7
09_ATC_segmentB_MultiCoder_SOAP_1_DCTECH-MC01X_05-12-2016_17-00-00.wav,20160512_atc_hour2_feed1,-28.9,4.6,-9.2
10_ATC_MEpromo_MultiCoder_SOAP_4_DCTECH-MC01X_05-12-2016_16-00-00.wav,20160512_atc_hour1_feed1,-28.7,10.1,-14.1
10_ATC_MEpromo_MultiCoder_SOAP_1_DCTECH-MC01X_05-12-2016_17-00-00.wav,20160512_atc_hour2_feed1,-28.5,10.0,-14.2
11_ATC_musicC_MultiCoder_SOAP_4_DCTECH-MC01X_05-12-2016_16-00-00.wav,20160512_atc_hour1_feed1,-29.5,6.5,-14.0
11_ATC_musicC_MultiCoder_SOAP_1_DCTECH-MC01X_05-12-2016_17-00-00.wav,20160512_atc_hour2_feed1,-31.1,7.6,-14.9
12_ATC_return_MultiCoder_SOAP_4_DCTECH-MC01X_05-12-2016_16-00-00.wav,20160512_atc_hour1_feed1,-28.9,5.4,-7.4
12_ATC_return_MultiCoder_SOAP_1_DCTECH-MC01X_05-12-2016_17-00-00.wav,20160512_atc_hour2_feed1,-28.0,4.8,-9.4
13_ATC_newscast3_MultiCoder_SOAP_4_DCTECH-MC01X_05-12-2016_16-00-00.wav,20160512_atc_hour1_feed1,-31.9,4.7,-13.6
13_ATC_newscast3_MultiCoder_SOAP_1_DCTECH-MC01X_05-12-2016_17-00-00.wav,20160512_atc_hour2_feed1,-28.8,3.9,-8.8
14_ATC_newscast4_MultiCoder_SOAP_4_DCTECH-MC01X_05-12-2016_16-00-00.wav,20160512_atc_hour1_feed1,-31.7,6.0,-15.5
14_ATC_newscast4_MultiCoder_SOAP_1_DCTECH-MC01X_05-12-2016_17-00-00.wav,20160512_atc_hour2_feed1,-30.0,4.3,-10.1
15_ATC_musicD_MultiCoder_SOAP_4_DCTECH-MC01X_05-12-2016_16-00-00.wav,20160512_atc_hour1_feed1,-30.8,5.9,-15.9
15_ATC_musicD_MultiCoder_SOAP_1_DCTECH-MC01X_05-12-2016_17-00-00.wav,20160512_atc_hour2_feed1,-28.0,4.5,-14.4
16_ATC_fundingCreditC_MultiCoder_SOAP_4_DCTECH-MC01X_05-12-2016_16-00-00.wav,20160512_atc_hour1_feed1,-28.5,3.1,-11.1
16_ATC_fundingCreditC_MultiCoder_SOAP_1_DCTECH-MC01X_05-12-2016_17-00-00.wav,20160512_atc_hour2_feed1,-29.8,3.6,-13.7
17_ATC_segmentC_MultiCoder_SOAP_4_DCTECH-MC01X_05-12-2016_16-00-00.wav,20160512_atc_hour1_feed1,-28.8,5.1,-5.9
17_ATC_segmentC_MultiCoder_SOAP_1_DCTECH-MC01X_05-12-2016_17-00-00.wav,20160512_atc_hour2_feed1,-28.8,3.9,-9.0
18_ATC_segmentD_MultiCoder_SOAP_4_DCTECH-MC01X_05-12-2016_16-00-00.wav,20160512_atc_hour1_feed1,-29.1,3.8,-11.3
18_ATC_segmentD_MultiCoder_SOAP_1_DCTECH-MC01X_05-12-2016_17-00-00.wav,20160512_atc_hour2_feed1,-29.4,4.6,-7.4
19_ATC_musicE_MultiCoder_SOAP_4_DCTECH-MC01X_05-12-2016_16-00-00.wav,20160512_atc_hour1_feed1,-27.7,3.7,-10.8
19_ATC_musicE_MultiCoder_SOAP_1_DCTECH-MC01X_05-12-2016_17-00-00.wav,20160512_atc_hour2_feed1,-28.2,2.7,-16.5
20_ATC_segmentE_MultiCoder_SOAP_4_DCTECH-MC01X_05-12-2016_16-00-00.wav,20160512_atc_hour1_feed1,-28.6,3.3,-9.5
20_ATC_segmentE_MultiCoder_SOAP_1_DCTECH-MC01X_05-12-2016_17-00-00.wav,20160512_atc_hour2_feed1,-30.0,5.0,-7.5
21_ATC_fundingCreditD_MultiCoder_SOAP_4_DCTECH-MC01X_05-12-2016_16-00-00.wav,20160512_atc_hour1_feed1,-28.7,2.4,-13.8
21_ATC_fundingCreditD_MultiCoder_SOAP_1_DCTECH-MC01X_05-12-2016_17-00-00.wav,20160512_atc_hour2_feed1,-28.9,4.2,-9.2
22_ATC_musicF_MultiCoder_SOAP_4_DCTECH-MC01X_05-12-2016_16-00-00.wav,20160512_atc_hour1_feed1,-28.6,3.9,-14.2
22_ATC_musicF_MultiCoder_SOAP_1_DCTECH-MC01X_05-12-2016_17-00-00.wav,20160512_atc_hour2_feed1,-27.7,6.5,-11.5
01_ME_billboard_MultiCoder_SOAP_4_DCTECH-MC01X_05-13-2016_05-00-00.wav,20160513_me_hour1_feed1,-31.0,2.7,-14.3
01_ME_billboard_MultiCoder_SOAP_1_DCTECH-MC01X_05-13-2016_06-00-00.wav,20160513_me_hour2_feed1,-29.8,3.0,-14.0
02_ME_newscast1_MultiCoder_SOAP_4_DCTECH-MC01X_05-13-2016_05-00-00.wav,20160513_me_hour1_feed1,-28.8,6.1,-10.6
02_ME_newscast1_MultiCoder_SOAP_1_DCTECH-MC01X_05-13-2016_06-00-00.wav,20160513_me_hour2_feed1,-29.8,7.2,-9.4
03_ME_newscast2_MultiCoder_SOAP_4_DCTECH-MC01X_05-13-2016_05-00-00.wav,20160513_me_hour1_feed1,-30.1,4.8,-10.9
03_ME_newscast2_MultiCoder_SOAP_1_DCTECH-MC01X_05-13-2016_06-00-00.wav,20160513_me_hour2_feed1,-31.0,5.4,-10.0
04_ME_fundingCreditA_MultiCoder_SOAP_4_DCTECH-MC01X_05-13-2016_05-00-00.wav,20160513_me_hour1_feed1,-29.6,3.5,-13.2
04_ME_fundingCreditA_MultiCoder_SOAP_1_DCTECH-MC01X_05-13-2016_06-00-00.wav,20160513_me_hour2_feed1,-30.3,4.6,-12.8
05_ME_musicA_MultiCoder_SOAP_4_DCTECH-MC01X_05-13-2016_05-00-00.wav,20160513_me_hour1_feed1,-31.9,4.8,-16.3
05_ME_musicA_MultiCoder_SOAP_1_DCTECH-MC01X_05-13-2016_06-00-00.wav,20160513_me_hour2_feed1,-30.5,5.5,-15.0
06_ME_segmentA_MultiCoder_SOAP_4_DCTECH-MC01X_05-13-2016_05-00-00.wav,20160513_me_hour1_feed1,-30.4,5.5,-9.7
06_ME_segmentA_MultiCoder_SOAP_1_DCTECH-MC01X_05-13-2016_06-00-00.wav,20160513_me_hour2_feed1,-30.9,4.6,-9.0
07_ME_musicB_MultiCoder_SOAP_4_DCTECH-MC01X_05-13-2016_05-00-00.wav,20160513_me_hour1_feed1,-29.6,1.8,-18.3
07_ME_musicB_MultiCoder_SOAP_1_DCTECH-MC01X_05-13-2016_06-00-00.wav,20160513_me_hour2_feed1,-31.6,3.6,-15.0
08_ME_newscast3_MultiCoder_SOAP_4_DCTECH-MC01X_05-13-2016_05-00-00.wav,20160513_me_hour1_feed1,-28.2,5.7,-9.3
08_ME_newscast3_MultiCoder_SOAP_1_DCTECH-MC01X_05-13-2016_06-00-00.wav,20160513_me_hour2_feed1,-28.6,4.5,-11.0
09_ME_FApromo_MultiCoder_SOAP_4_DCTECH-MC01X_05-13-2016_05-00-00.wav,20160513_me_hour1_feed1,-31.1,10.2,-14.3
09_ME_FApromo_MultiCoder_SOAP_1_DCTECH-MC01X_05-13-2016_06-00-00.wav,20160513_me_hour2_feed1,-31.5,10.9,-15.4
10_ME_musicC_MultiCoder_SOAP_4_DCTECH-MC01X_05-13-2016_05-00-00.wav,20160513_me_hour1_feed1,-28.6,6.9,-19.1
10_ME_musicC_MultiCoder_SOAP_1_DCTECH-MC01X_05-13-2016_06-00-00.wav,20160513_me_hour2_feed1,-28.9,3.2,-19.8
11_ME_fundingCreditB_MultiCoder_SOAP_4_DCTECH-MC01X_05-13-2016_05-00-00.wav,20160513_me_hour1_feed1,-31.0,3.8,-15.3
11_ME_fundingCreditB_MultiCoder_SOAP_1_DCTECH-MC01X_05-13-2016_06-00-00.wav,20160513_me_hour2_feed1,-31.5,4.7,-15.4
12_ME_segmentB_MultiCoder_SOAP_4_DCTECH-MC01X_05-13-2016_05-00-00.wav,20160513_me_hour1_feed1,-30.2,4.3,-12.3
12_ME_segmentB_MultiCoder_SOAP_1_DCTECH-MC01X_05-13-2016_06-00-00.wav,20160513_me_hour2_feed1,-31.0,4.8,-10.0
13_ME_ATCpromo_MultiCoder_SOAP_4_DCTECH-MC01X_05-13-2016_05-00-00.wav,20160513_me_hour1_feed1,-30.5,5.5,-13.9
13_ME_ATCpromo_MultiCoder_SOAP_1_DCTECH-MC01X_05-13-2016_06-00-00.wav,20160513_me_hour2_feed1,-31.7,4.0,-14.9
14_ME_return_MultiCoder_SOAP_4_DCTECH-MC01X_05-13-2016_05-00-00.wav,20160513_me_hour1_feed1,-30.1,2.9,-13.9
14_ME_return_MultiCoder_SOAP_1_DCTECH-MC01X_05-13-2016_06-00-00.wav,20160513_me_hour2_feed1,-30.5,4.9,-14.5
15_ME_musicD_MultiCoder_SOAP_4_DCTECH-MC01X_05-13-2016_05-00-00.wav,20160513_me_hour1_feed1,-30.7,2.9,-13.5
15_ME_musicD_MultiCoder_SOAP_1_DCTECH-MC01X_05-13-2016_06-00-00.wav,20160513_me_hour2_feed1,-31.4,4.1,-17.2
16_ME_fundingCreditC_MultiCoder_SOAP_4_DCTECH-MC01X_05-13-2016_05-00-00.wav,20160513_me_hour1_feed1,-30.0,4.6,-12.6
16_ME_fundingCreditC_MultiCoder_SOAP_1_DCTECH-MC01X_05-13-2016_06-00-00.wav,20160513_me_hour2_feed1,-30.3,3.7,-13.3
17_ME_segmentC_MultiCoder_SOAP_4_DCTECH-MC01X_05-13-2016_05-00-00.wav,20160513_me_hour1_feed1,-30.4,4.4,-7.6
17_ME_segmentC_MultiCoder_SOAP_1_DCTECH-MC01X_05-13-2016_06-00-00.wav,20160513_me_hour2_feed1,-30.7,4.9,-9.6
18_ME_musicE_MultiCoder_SOAP_4_DCTECH-MC01X_05-13-2016_05-00-00.wav,20160513_me_hour1_feed1,-29.8,3.5,-17.1
18_ME_musicE_MultiCoder_SOAP_1_DCTECH-MC01X_05-13-2016_06-00-00.wav,20160513_me_hour2_feed1,-31.3,3.9,-15.8
19_ME_newscast4_MultiCoder_SOAP_4_DCTECH-MC01X_05-13-2016_05-00-00.wav,20160513_me_hour1_feed1,-28.4,3.9,-10.2
19_ME_newscast4_MultiCoder_SOAP_1_DCTECH-MC01X_05-13-2016_06-00-00.wav,20160513_me_hour2_feed1,-28.5,5.0,-11.8
20_ME_HandNpromo_MultiCoder_SOAP_4_DCTECH-MC01X_05-13-2016_05-00-00.wav,20160513_me_hour1_feed1,-29.0,3.0,-14.2
20_ME_HandNpromo_MultiCoder_SOAP_1_DCTECH-MC01X_05-13-2016_06-00-00.wav,20160513_me_hour2_feed1,-31.3,4.9,-14.8
21_ME_musicF_MultiCoder_SOAP_4_DCTECH-MC01X_05-13-2016_05-00-00.wav,20160513_me_hour1_feed1,-30.5,4.3,-17.7
21_ME_musicF_MultiCoder_SOAP_1_DCTECH-MC01X_05-13-2016_06-00-00.wav,20160513_me_hour2_feed1,-32.5,4.8,-15.3
22_ME_fundingCreditD_MultiCoder_SOAP_4_DCTECH-MC01X_05-13-2016_05-00-00.wav,20160513_me_hour1_feed1,-29.8,4.2,-12.3
22_ME_fundingCreditD_MultiCoder_SOAP_1_DCTECH-MC01X_05-13-2016_06-00-00.wav,20160513_me_hour2_feed1,-30.9,3.1,-14.7
23_ME_segmentD_MultiCoder_SOAP_4_DCTECH-MC01X_05-13-2016_05-00-00.wav,20160513_me_hour1_feed1,-29.5,3.3,-9.7
23_ME_segmentD_MultiCoder_SOAP_1_DCTECH-MC01X_05-13-2016_06-00-00.wav,20160513_me_hour2_feed1,-30.9,3.9,-10.6
24_ME_musicG_MultiCoder_SOAP_4_DCTECH-MC01X_05-13-2016_05-00-00.wav,20160513_me_hour1_feed1,-30.0,3.8,-16.3
24_ME_musicG_MultiCoder_SOAP_1_DCTECH-MC01X_05-13-2016_06-00-00.wav,20160513_me_hour2_feed1,-30.1,3.9,-16.3
25_ME_segmentE_MultiCoder_SOAP_4_DCTECH-MC01X_05-13-2016_05-00-00.wav,20160513_me_hour1_feed1,-30.2,5.0,-11.9
25_ME_segmentE_MultiCoder_SOAP_1_DCTECH-MC01X_05-13-2016_06-00-00.wav,20160513_me_hour2_feed1,-29.2,5.0,-10.0
26_ME_musicH_MultiCoder_SOAP_4_DCTECH-MC01X_05-13-2016_05-00-00.wav,20160513_me_hour1_feed1,-29.7,2.2,-15.7
26_ME_musicH_MultiCoder_SOAP_1_DCTECH-MC01X_05-13-2016_06-00-00.wav,20160513_me_hour2_feed1,-29.7,4.4,-18.5
01_ATC_billboard_MultiCoder_SOAP_4_DCTECH-MC01X_05-13-2016_16-00-00.wav,20160513_atc_hour1_feed1,-27.5,4.5,-8.6
01_ATC_billboard_MultiCoder_SOAP_1_DCTECH-MC01X_05-13-2016_17-00-00.wav,20160513_atc_hour2_feed1,-27.0,4.5,-8.5
02_ATC_newscast1_MultiCoder_SOAP_4_DCTECH-MC01X_05-13-2016_16-00-00.wav,20160513_atc_hour1_feed1,-27.1,4.8,-7.7
02_ATC_newscast1_MultiCoder_SOAP_1_DCTECH-MC01X_05-13-2016_17-00-00.wav,20160513_atc_hour2_feed1,-30.3,7.1,-11.6
03_ATC_newscast2_MultiCoder_SOAP_4_DCTECH-MC01X_05-13-2016_16-00-00.wav,20160513_atc_hour1_feed1,-27.7,5.7,-9.6
03_ATC_newscast2_MultiCoder_SOAP_1_DCTECH-MC01X_05-13-2016_17-00-00.wav,20160513_atc_hour2_feed1,-29.6,5.5,-10.9
04_ATC_fundingCreditA_MultiCoder_SOAP_4_DCTECH-MC01X_05-13-2016_16-00-00.wav,20160513_atc_hour1_feed1,-26.7,2.3,-10.8
04_ATC_fundingCreditA_MultiCoder_SOAP_1_DCTECH-MC01X_05-13-2016_17-00-00.wav,20160513_atc_hour2_feed1,-33.0,4.6,-15.5
05_ATC_musicA_MultiCoder_SOAP_4_DCTECH-MC01X_05-13-2016_16-00-00.wav,20160513_atc_hour1_feed1,-30.7,13.4,-11.9
05_ATC_musicA_MultiCoder_SOAP_1_DCTECH-MC01X_05-13-2016_17-00-00.wav,20160513_atc_hour2_feed1,-29.6,2.7,-15.0
06_ATC_segmentA_MultiCoder_SOAP_4_DCTECH-MC01X_05-13-2016_16-00-00.wav,20160513_atc_hour1_feed1,-27.7,4.8,-5.0
06_ATC_segmentA_MultiCoder_SOAP_1_DCTECH-MC01X_05-13-2016_17-00-00.wav,20160513_atc_hour2_feed1,-29.4,5.6,-8.7
07_ATC_musicB_MultiCoder_SOAP_4_DCTECH-MC01X_05-13-2016_16-00-00.wav,20160513_atc_hour1_feed1,-27.1,4.8,-11.4
07_ATC_musicB_MultiCoder_SOAP_1_DCTECH-MC01X_05-13-2016_17-00-00.wav,20160513_atc_hour2_feed1,-29.0,2.8,-13.6
08_ATC_fundingCreditB_MultiCoder_SOAP_4_DCTECH-MC01X_05-13-2016_16-00-00.wav,20160513_atc_hour1_feed1,-29.1,2.7,-12.7
08_ATC_fundingCreditB_MultiCoder_SOAP_1_DCTECH-MC01X_05-13-2016_17-00-00.wav,20160513_atc_hour2_feed1,-28.4,2.9,-14.6
09_ATC_segmentB_MultiCoder_SOAP_4_DCTECH-MC01X_05-13-2016_16-00-00.wav,20160513_atc_hour1_feed1,-28.9,6.3,-7.1
09_ATC_segmentB_MultiCoder_SOAP_1_DCTECH-MC01X_05-13-2016_17-00-00.wav,20160513_atc_hour2_feed1,-29.6,5.2,-8.8
10_ATC_MEpromo_MultiCoder_SOAP_4_DCTECH-MC01X_05-13-2016_16-00-00.wav,20160513_atc_hour1_feed1,-28.9,3.9,-11.2
10_ATC_MEpromo_MultiCoder_SOAP_1_DCTECH-MC01X_05-13-2016_17-00-00.wav,20160513_atc_hour2_feed1,-29.5,3.4,-11.6
11_ATC_musicC_MultiCoder_SOAP_4_DCTECH-MC01X_05-13-2016_16-00-00.wav,20160513_atc_hour1_feed1,-27.3,4.7,-12.0
11_ATC_musicC_MultiCoder_SOAP_1_DCTECH-MC01X_05-13-2016_17-00-00.wav,20160513_atc_hour2_feed1,-30.2,8.0,-16.3
12_ATC_return_MultiCoder_SOAP_4_DCTECH-MC01X_05-13-2016_16-00-00.wav,20160513_atc_hour1_feed1,-29.5,4.4,-11.0
12_ATC_return_MultiCoder_SOAP_1_DCTECH-MC01X_05-13-2016_17-00-00.wav,20160513_atc_hour2_feed1,-28.7,4.2,-6.6
13_ATC_newscast3_MultiCoder_SOAP_4_DCTECH-MC01X_05-13-2016_16-00-00.wav,20160513_atc_hour1_feed1,-31.1,4.6,-12.5
13_ATC_newscast3_MultiCoder_SOAP_1_DCTECH-MC01X_05-13-2016_17-00-00.wav,20160513_atc_hour2_feed1,-27.5,6.4,-8.3
14_ATC_newscast4_MultiCoder_SOAP_4_DCTECH-MC01X_05-13-2016_16-00-00.wav,20160513_atc_hour1_feed1,-31.6,4.9,-12.7
14_ATC_newscast4_MultiCoder_SOAP_1_DCTECH-MC01X_05-13-2016_17-00-00.wav,20160513_atc_hour2_feed1,-30.0,5.7,-11.5
15_ATC_musicD_MultiCoder_SOAP_4_DCTECH-MC01X_05-13-2016_16-00-00.wav,20160513_atc_hour1_feed1,-29.8,3.6,-15.1
15_ATC_musicD_MultiCoder_SOAP_1_DCTECH-MC01X_05-13-2016_17-00-00.wav,20160513_atc_hour2_feed1,-30.3,10.0,-15.4
16_ATC_fundingCreditC_MultiCoder_SOAP_4_DCTECH-MC01X_05-13-2016_16-00-00.wav,20160513_atc_hour1_feed1,-28.9,3.8,-12.6
16_ATC_fundingCreditC_MultiCoder_SOAP_1_DCTECH-MC01X_05-13-2016_17-00-00.wav,20160513_atc_hour2_feed1,-28.8,4.1,-12.3
17_ATC_segmentC_MultiCoder_SOAP_4_DCTECH-MC01X_05-13-2016_16-00-00.wav,20160513_atc_hour1_feed1,-28.7,4.4,-7.7
17_ATC_segmentC_MultiCoder_SOAP_1_DCTECH-MC01X_05-13-2016_17-00-00.wav,20160513_atc_hour2_feed1,-29.3,4.6,-6.9
18_ATC_segmentD_MultiCoder_SOAP_4_DCTECH-MC01X_05-13-2016_16-00-00.wav,20160513_atc_hour1_feed1,-28.1,4.8,-7.8
18_ATC_segmentD_MultiCoder_SOAP_1_DCTECH-MC01X_05-13-2016_17-00-00.wav,20160513_atc_hour2_feed1,-28.9,3.6,-9.2
19_ATC_musicE_MultiCoder_SOAP_4_DCTECH-MC01X_05-13-2016_16-00-00.wav,20160513_atc_hour1_feed1,-26.9,6.4,-12.5
19_ATC_musicE_MultiCoder_SOAP_1_DCTECH-MC01X_05-13-2016_17-00-00.wav,20160513_atc_hour2_feed1,-27.7,7.6,-12.2
20_ATC_segmentE_MultiCoder_SOAP_4_DCTECH-MC01X_05-13-2016_16-00-00.wav,20160513_atc_hour1_feed1,-29.6,7.6,-9.5
20_ATC_segmentE_MultiCoder_SOAP_1_DCTECH-MC01X_05-13-2016_17-00-00.wav,20160513_atc_hour2_feed1,-28.9,4.1,-8.0
21_ATC_fundingCreditD_MultiCoder_SOAP_4_DCTECH-MC01X_05-13-2016_16-00-00.wav,20160513_atc_hour1_feed1,-28.7,3.2,-10.5
21_ATC_fundingCreditD_MultiCoder_SOAP_1_DCTECH-MC01X_05-13-2016_17-00-00.wav,20160513_atc_hour2_feed1,-28.7,2.8,-13.2
22_ATC_musicF_MultiCoder_SOAP_4_DCTECH-MC01X_05-13-2016_16-00-00.wav,20160513_atc_hour1_feed1,-29.7,3.0,-14.9
22_ATC_musicF_MultiCoder_SOAP_1_DCTECH-MC01X_05-13-2016_17-00-00.wav,20160513_atc_hour2_feed1,-28.8,3.2,-11.4
01_WE_billboard_MultiCoder_SOAP_4_DCTECH-MC01X_05-14-2016_08-00-00.wav,20160514_we_hour1_feed1,-29.1,5.8,-12.9
01_WE_billboard_MultiCoder_SOAP_1_DCTECH-MC01X_05-14-2016_09-00-00.wav,20160514_we_hour2_feed1,-27.7,5.2,-12.9
01_WE_billboard_MultiCoder_SOAP_4_DCTECH-MC01X_05-14-2016_17-00-00.wav,20160514_watc_hour1_feed1,-29.9,5.3,-13.3
02_WE_newscast1_MultiCoder_SOAP_4_DCTECH-MC01X_05-14-2016_08-00-00.wav,20160514_we_hour1_feed1,-26.2,5.2,-5.1
02_WE_newscast1_MultiCoder_SOAP_1_DCTECH-MC01X_05-14-2016_09-00-00.wav,20160514_we_hour2_feed1,-27.3,3.9,-8.7
02_WE_newscast1_MultiCoder_SOAP_4_DCTECH-MC01X_05-14-2016_17-00-00.wav,20160514_watc_hour1_feed1,-30.4,5.4,-13.2
03_WE_newscast2_MultiCoder_SOAP_4_DCTECH-MC01X_05-14-2016_08-00-00.wav,20160514_we_hour1_feed1,-27.6,4.5,-9.7
03_WE_newscast2_MultiCoder_SOAP_1_DCTECH-MC01X_05-14-2016_09-00-00.wav,20160514_we_hour2_feed1,-27.2,5.7,-12.0
03_WE_newscast2_MultiCoder_SOAP_4_DCTECH-MC01X_05-14-2016_17-00-00.wav,20160514_watc_hour1_feed1,-30.0,4.4,-12.4
04_WE_fundingCreditA_MultiCoder_SOAP_4_DCTECH-MC01X_05-14-2016_08-00-00.wav,20160514_we_hour1_feed1,-26.4,4.6,-8.8
04_WE_fundingCreditA_MultiCoder_SOAP_1_DCTECH-MC01X_05-14-2016_09-00-00.wav,20160514_we_hour2_feed1,-26.2,4.4,-10.9
04_WE_fundingCreditA_MultiCoder_SOAP_4_DCTECH-MC01X_05-14-2016_17-00-00.wav,20160514_watc_hour1_feed1,-29.5,2.9,-15.1
05_WE_musicA_MultiCoder_SOAP_4_DCTECH-MC01X_05-14-2016_08-00-00.wav,20160514_we_hour1_feed1,-31.2,6.5,-13.7
05_WE_musicA_MultiCoder_SOAP_1_DCTECH-MC01X_05-14-2016_09-00-00.wav,20160514_we_hour2_feed1,-30.1,7.4,-12.7
05_WE_musicA_MultiCoder_SOAP_4_DCTECH-MC01X_05-14-2016_17-00-00.wav,20160514_watc_hour1_feed1,-29.1,6.0,-8.5
06_WE_segmentA_MultiCoder_SOAP_4_DCTECH-MC01X_05-14-2016_08-00-00.wav,20160514_we_hour1_feed1,-28.9,6.7,-7.0
06_WE_segmentA_MultiCoder_SOAP_1_DCTECH-MC01X_05-14-2016_09-00-00.wav,20160514_we_hour2_feed1,-29.4,5.4,-10.6
06_WE_segmentA_MultiCoder_SOAP_4_DCTECH-MC01X_05-14-2016_17-00-00.wav,20160514_watc_hour1_feed1,-28.5,6.6,-6.2
07_WE_musicB_MultiCoder_SOAP_4_DCTECH-MC01X_05-14-2016_08-00-00.wav,20160514_we_hour1_feed1,-29.1,9.0,-13.5
07_WE_musicB_MultiCoder_SOAP_1_DCTECH-MC01X_05-14-2016_09-00-00.wav,20160514_we_hour2_feed1,-29.5,7.3,-14.2
07_WE_musicB_MultiCoder_SOAP_4_DCTECH-MC01X_05-14-2016_17-00-00.wav,20160514_watc_hour1_feed1,-30.0,3.7,-16.3
08_WE_headlinesA_MultiCoder_SOAP_4_DCTECH-MC01X_05-14-2016_08-00-00.wav,20160514_we_hour1_feed1,-29.6,5.6,-10.9
08_WE_headlinesA_MultiCoder_SOAP_1_DCTECH-MC01X_05-14-2016_09-00-00.wav,20160514_we_hour2_feed1,-29.1,5.5,-13.9
08_WE_headlinesA_MultiCoder_SOAP_4_DCTECH-MC01X_05-14-2016_17-00-00.wav,20160514_watc_hour1_feed1,-28.6,5.0,-10.6
09_WE_fundingCreditB_MultiCoder_SOAP_4_DCTECH-MC01X_05-14-2016_08-00-00.wav,20160514_we_hour1_feed1,-29.4,4.7,-12.4
09_WE_fundingCreditB_MultiCoder_SOAP_1_DCTECH-MC01X_05-14-2016_09-00-00.wav,20160514_we_hour2_feed1,-28.2,3.5,-11.4
09_WE_fundingCreditB_MultiCoder_SOAP_4_DCTECH-MC01X_05-14-2016_17-00-00.wav,20160514_watc_hour1_feed1,-28.9,3.3,-12.7
10_WE_segmentB_MultiCoder_SOAP_4_DCTECH-MC01X_05-14-2016_08-00-00.wav,20160514_we_hour1_feed1,-29.0,5.8,-6.8
10_WE_segmentB_MultiCoder_SOAP_1_DCTECH-MC01X_05-14-2016_09-00-00.wav,20160514_we_hour2_feed1,-28.7,5.1,-7.7
10_WE_segmentB_MultiCoder_SOAP_4_DCTECH-MC01X_05-14-2016_17-00-00.wav,20160514_watc_hour1_feed1,-28.3,5.3,-6.7
11_WE_segmentC_MultiCoder_SOAP_4_DCTECH-MC01X_05-14-2016_08-00-00.wav,20160514_we_hour1_feed1,-28.8,4.2,-9.1
11_WE_segmentC_MultiCoder_SOAP_1_DCTECH-MC01X_05-14-2016_09-00-00.wav,20160514_we_hour2_feed1,-30.3,7.2,-8.7
11_WE_segmentC_MultiCoder_SOAP_4_DCTECH-MC01X_05-14-2016_17-00-00.wav,20160514_watc_hour1_feed1,-28.7,5.2,-10.6
12_WE_musicC_MultiCoder_SOAP_4_DCTECH-MC01X_05-14-2016_08-00-00.wav,20160514_we_hour1_feed1,-29.3,6.7,-13.0
12_WE_musicC_MultiCoder_SOAP_1_DCTECH-MC01X_05-14-2016_09-00-00.wav,20160514_we_hour2_feed1,-30.0,10.2,-12.3
12_WE_musicC_MultiCoder_SOAP_4_DCTECH-MC01X_05-14-2016_17-00-00.wav,20160514_watc_hour1_feed1,-28.6,8.9,-11.9
13_WE_headlinesB_MultiCoder_SOAP_4_DCTECH-MC01X_05-14-2016_08-00-00.wav,20160514_we_hour1_feed1,-30.0,4.8,-12.2
13_WE_headlinesB_MultiCoder_SOAP_1_DCTECH-MC01X_05-14-2016_09-00-00.wav,20160514_we_hour2_feed1,-30.1,5.1,-13.7
13_WE_headlinesB_MultiCoder_SOAP_4_DCTECH-MC01X_05-14-2016_17-00-00.wav,20160514_watc_hour1_feed1,-30.4,4.6,-12.7
14_WE_fundingCreditC_MultiCoder_SOAP_4_DCTECH-MC01X_05-14-2016_08-00-00.wav,20160514_we_hour1_feed1,-29.2,3.8,-13.5
14_WE_fundingCreditC_MultiCoder_SOAP_1_DCTECH-MC01X_05-14-2016_09-00-00.wav,20160514_we_hour2_feed1,-28.8,4.2,-11.7
14_WE_fundingCreditC_MultiCoder_SOAP_4_DCTECH-MC01X_05-14-2016_17-00-00.wav,20160514_watc_hour1_feed1,-28.8,2.1,-13.8
15_WE_segmentD_MultiCoder_SOAP_4_DCTECH-MC01X_05-14-2016_08-00-00.wav,20160514_we_hour1_feed1,-29.1,5.3,-5.9
15_WE_segmentD_MultiCoder_SOAP_1_DCTECH-MC01X_05-14-2016_09-00-00.wav,20160514_we_hour2_feed1,-29.3,4.6,-5.6
15_WE_segmentD_MultiCoder_SOAP_4_DCTECH-MC01X_05-14-2016_17-00-00.wav,20160514_watc_hour1_feed1,-29.0,4.1,-8.9
16_WE_fundingCreditD_MultiCoder_SOAP_4_DCTECH-MC01X_05-14-2016_08-00-00.wav,20160514_we_hour1_feed1,-28.9,2.7,-12.6
16_WE_fundingCreditD_MultiCoder_SOAP_1_DCTECH-MC01X_05-14-2016_09-00-00.wav,20160514_we_hour2_feed1,-30.2,2.5,-13.0
16_WE_fundingCreditD_MultiCoder_SOAP_4_DCTECH-MC01X_05-14-2016_17-00-00.wav,20160514_watc_hour1_feed1,-29.0,3.1,-12.5
17_WE_musicD_MultiCoder_SOAP_4_DCTECH-MC01X_05-14-2016_08-00-00.wav,20160514_we_hour1_feed1,-29.7,6.8,-16.7
17_WE_musicD_MultiCoder_SOAP_1_DCTECH-MC01X_05-14-2016_09-00-00.wav,20160514_we_hour2_feed1,-30.3,8.4,-13.1
17_WE_musicD_MultiCoder_SOAP_4_DCTECH-MC01X_05-14-2016_17-00-00.wav,20160514_watc_hour1_feed1,-29.9,4.4,-18.6
01_WE_billboard_MultiCoder_SOAP_4_DCTECH-MC01X_05-15-2016_08-00-00.wav,20160515_we_hour1_feed1,-29.8,6.4,-13.6
01_WE_billboard_MultiCoder_SOAP_1_DCTECH-MC01X_05-15-2016_09-00-00.wav,20160515_we_hour2_feed1,-30.2,5.4,-14.9
02_WE_newscast1_MultiCoder_SOAP_4_DCTECH-MC01X_05-15-2016_08-00-00.wav,20160515_we_hour1_feed1,-26.8,5.0,-5.5
02_WE_newscast1_MultiCoder_SOAP_1_DCTECH-MC01X_05-15-2016_09-00-00.wav,20160515_we_hour2_feed1,-27.1,3.7,-7.0
03_WE_newscast2_MultiCoder_SOAP_4_DCTECH-MC01X_05-15-2016_08-00-00.wav,20160515_we_hour1_feed1,-26.6,4.1,-10.0
03_WE_newscast2_MultiCoder_SOAP_1_DCTECH-MC01X_05-15-2016_09-00-00.wav,20160515_we_hour2_feed1,-28.0,3.4,-11.2
04_WE_fundingCreditA_MultiCoder_SOAP_4_DCTECH-MC01X_05-15-2016_08-00-00.wav,20160515_we_hour1_feed1,-28.0,3.3,-11.4
04_WE_fundingCreditA_MultiCoder_SOAP_1_DCTECH-MC01X_05-15-2016_09-00-00.wav,20160515_we_hour2_feed1,-25.0,2.6,-10.7
05_WE_musicA_MultiCoder_SOAP_4_DCTECH-MC01X_05-15-2016_08-00-00.wav,20160515_we_hour1_feed1,-29.9,7.0,-12.2
05_WE_musicA_MultiCoder_SOAP_1_DCTECH-MC01X_05-15-2016_09-00-00.wav,20160515_we_hour2_feed1,-30.9,7.7,-13.4
06_WE_segmentA_MultiCoder_SOAP_4_DCTECH-MC01X_05-15-2016_08-00-00.wav,20160515_we_hour1_feed1,-29.2,4.4,-9.8
06_WE_segmentA_MultiCoder_SOAP_1_DCTECH-MC01X_05-15-2016_09-00-00.wav,20160515_we_hour2_feed1,-29.1,4.2,-9.1
07_WE_musicB_MultiCoder_SOAP_4_DCTECH-MC01X_05-15-2016_08-00-00.wav,20160515_we_hour1_feed1,-28.5,5.2,-15.7
07_WE_musicB_MultiCoder_SOAP_1_DCTECH-MC01X_05-15-2016_09-00-00.wav,20160515_we_hour2_feed1,-29.9,8.8,-13.5
08_WE_headlinesA_MultiCoder_SOAP_4_DCTECH-MC01X_05-15-2016_08-00-00.wav,20160515_we_hour1_feed1,-28.0,4.6,-9.9
08_WE_headlinesA_MultiCoder_SOAP_1_DCTECH-MC01X_05-15-2016_09-00-00.wav,20160515_we_hour2_feed1,-29.6,5.5,-10.7
09_WE_fundingCreditB_MultiCoder_SOAP_4_DCTECH-MC01X_05-15-2016_08-00-00.wav,20160515_we_hour1_feed1,-29.6,6.2,-14.1
09_WE_fundingCreditB_MultiCoder_SOAP_1_DCTECH-MC01X_05-15-2016_09-00-00.wav,20160515_we_hour2_feed1,-29.2,2.6,-12.7
10_WE_segmentB_MultiCoder_SOAP_4_DCTECH-MC01X_05-15-2016_08-00-00.wav,20160515_we_hour1_feed1,-29.2,4.9,-6.4
10_WE_segmentB_MultiCoder_SOAP_1_DCTECH-MC01X_05-15-2016_09-00-00.wav,20160515_we_hour2_feed1,-29.2,4.8,-10.5
11_WE_segmentC_MultiCoder_SOAP_4_DCTECH-MC01X_05-15-2016_08-00-00.wav,20160515_we_hour1_feed1,-29.5,4.1,-9.8
11_WE_segmentC_MultiCoder_SOAP_1_DCTECH-MC01X_05-15-2016_09-00-00.wav,20160515_we_hour2_feed1,-29.8,4.5,-10.7
12_WE_musicC_MultiCoder_SOAP_4_DCTECH-MC01X_05-15-2016_08-00-00.wav,20160515_we_hour1_feed1,-29.3,9.4,-12.4
12_WE_musicC_MultiCoder_SOAP_1_DCTECH-MC01X_05-15-2016_09-00-00.wav,20160515_we_hour2_feed1,-29.1,9.7,-12.1
13_WE_headlinesB_MultiCoder_SOAP_4_DCTECH-MC01X_05-15-2016_08-00-00.wav,20160515_we_hour1_feed1,-29.7,3.5,-14.6
13_WE_headlinesB_MultiCoder_SOAP_1_DCTECH-MC01X_05-15-2016_09-00-00.wav,20160515_we_hour2_feed1,-30.1,4.4,-11.4
14_WE_fundingCreditC_MultiCoder_SOAP_4_DCTECH-MC01X_05-15-2016_08-00-00.wav,20160515_we_hour1_feed1,-28.8,3.2,-13.6
14_WE_fundingCreditC_MultiCoder_SOAP_1_DCTECH-MC01X_05-15-2016_09-00-00.wav,20160515_we_hour2_feed1,-29.5,3.9,-12.2
15_WE_segmentD_MultiCoder_SOAP_4_DCTECH-MC01X_05-15-2016_08-00-00.wav,20160515_we_hour1_feed1,-29.1,5.4,-8.0
15_WE_segmentD_MultiCoder_SOAP_1_DCTECH-MC01X_05-15-2016_09-00-00.wav,20160515_we_hour2_feed1,-29.4,5.2,-8.4
16_WE_fundingCreditD_MultiCoder_SOAP_4_DCTECH-MC01X_05-15-2016_08-00-00.wav,20160515_we_hour1_feed1,-28.7,3.1,-12.7
16_WE_fundingCreditD_MultiCoder_SOAP_1_DCTECH-MC01X_05-15-2016_09-00-00.wav,20160515_we_hour2_feed1,-30.2,4.1,-12.2
17_WE_musicD_MultiCoder_SOAP_4_DCTECH-MC01X_05-15-2016_08-00-00.wav,20160515_we_hour1_feed1,-29.1,3.0,-17.4
17_WE_musicD_MultiCoder_SOAP_1_DCTECH-MC01X_05-15-2016_09-00-00.wav,20160515_we_hour2_feed1,-30.6,4.8,-14.9
MultiCoder_SOAP_1_DCTECH-MC01X_05-15-2016_09-00-00.wav,20160515_we_hour2_feed1,-29.1,5.3,-7.0
MultiCoder_SOAP_4_DCTECH-MC01X_05-15-2016_17-00-00.wav,20160515_watc_hour1_feed1,-29.6,4.8,-5.2
MultiCoder_SOAP_4_DCTECH-MC01X_05-15-2016_08-00-00.wav,20160515_we_hour1_feed1,-28.9,5.5,-5.5
01_WE_billboard_MultiCoder_SOAP_4_DCTECH-MC01X_05-15-2016_08-00-00.wav,20160515_we_hour1_feed1,-29.8,6.4,-13.6
01_WE_billboard_MultiCoder_SOAP_1_DCTECH-MC01X_05-15-2016_09-00-00.wav,20160515_we_hour2_feed1,-30.2,5.4,-14.9
01_WE_billboard_MultiCoder_SOAP_4_DCTECH-MC01X_05-15-2016_17-00-00.wav,20160515_watc_hour1_feed1,-29.3,5.8,-11.7
02_WE_newscast1_MultiCoder_SOAP_4_DCTECH-MC01X_05-15-2016_08-00-00.wav,20160515_we_hour1_feed1,-26.8,5.0,-5.5
02_WE_newscast1_MultiCoder_SOAP_1_DCTECH-MC01X_05-15-2016_09-00-00.wav,20160515_we_hour2_feed1,-27.1,3.7,-7.0
02_WE_newscast1_MultiCoder_SOAP_4_DCTECH-MC01X_05-15-2016_17-00-00.wav,20160515_watc_hour1_feed1,-29.4,4.9,-8.6
03_WE_newscast2_MultiCoder_SOAP_4_DCTECH-MC01X_05-15-2016_08-00-00.wav,20160515_we_hour1_feed1,-26.6,4.1,-10.0
03_WE_newscast2_MultiCoder_SOAP_1_DCTECH-MC01X_05-15-2016_09-00-00.wav,20160515_we_hour2_feed1,-28.0,3.4,-11.2
03_WE_newscast2_MultiCoder_SOAP_4_DCTECH-MC01X_05-15-2016_17-00-00.wav,20160515_watc_hour1_feed1,-30.8,5.0,-14.3
04_WE_fundingCreditA_MultiCoder_SOAP_4_DCTECH-MC01X_05-15-2016_08-00-00.wav,20160515_we_hour1_feed1,-28.0,3.3,-11.4
04_WE_fundingCreditA_MultiCoder_SOAP_1_DCTECH-MC01X_05-15-2016_09-00-00.wav,20160515_we_hour2_feed1,-25.0,2.6,-10.7
04_WE_fundingCreditA_MultiCoder_SOAP_4_DCTECH-MC01X_05-15-2016_17-00-00.wav,20160515_watc_hour1_feed1,-28.8,3.3,-13.6
05_WE_musicA_MultiCoder_SOAP_4_DCTECH-MC01X_05-15-2016_08-00-00.wav,20160515_we_hour1_feed1,-29.9,7.0,-12.2
05_WE_musicA_MultiCoder_SOAP_1_DCTECH-MC01X_05-15-2016_09-00-00.wav,20160515_we_hour2_feed1,-30.9,7.7,-13.4
05_WE_musicA_MultiCoder_SOAP_4_DCTECH-MC01X_05-15-2016_17-00-00.wav,20160515_watc_hour1_feed1,-29.1,7.3,-8.3
06_WE_segmentA_MultiCoder_SOAP_4_DCTECH-MC01X_05-15-2016_08-00-00.wav,20160515_we_hour1_feed1,-29.2,4.4,-9.8
06_WE_segmentA_MultiCoder_SOAP_1_DCTECH-MC01X_05-15-2016_09-00-00.wav,20160515_we_hour2_feed1,-29.1,4.2,-9.1
06_WE_segmentA_MultiCoder_SOAP_4_DCTECH-MC01X_05-15-2016_17-00-00.wav,20160515_watc_hour1_feed1,-29.4,3.8,-10.3
07_WE_musicB_MultiCoder_SOAP_4_DCTECH-MC01X_05-15-2016_08-00-00.wav,20160515_we_hour1_feed1,-28.5,5.2,-15.7
07_WE_musicB_MultiCoder_SOAP_1_DCTECH-MC01X_05-15-2016_09-00-00.wav,20160515_we_hour2_feed1,-29.9,8.8,-13.5
07_WE_musicB_MultiCoder_SOAP_4_DCTECH-MC01X_05-15-2016_17-00-00.wav,20160515_watc_hour1_feed1,-29.3,2.4,-18.2
08_WE_headlinesA_MultiCoder_SOAP_4_DCTECH-MC01X_05-15-2016_08-00-00.wav,20160515_we_hour1_feed1,-28.0,4.6,-9.9
08_WE_headlinesA_MultiCoder_SOAP_1_DCTECH-MC01X_05-15-2016_09-00-00.wav,20160515_we_hour2_feed1,-29.6,5.5,-10.7
08_WE_headlinesA_MultiCoder_SOAP_4_DCTECH-MC01X_05-15-2016_17-00-00.wav,20160515_watc_hour1_feed1,-30.5,5.2,-13.0
09_WE_fundingCreditB_MultiCoder_SOAP_4_DCTECH-MC01X_05-15-2016_08-00-00.wav,20160515_we_hour1_feed1,-29.6,6.2,-14.1
09_WE_fundingCreditB_MultiCoder_SOAP_1_DCTECH-MC01X_05-15-2016_09-00-00.wav,20160515_we_hour2_feed1,-29.2,2.6,-12.7
09_WE_fundingCreditB_MultiCoder_SOAP_4_DCTECH-MC01X_05-15-2016_17-00-00.wav,20160515_watc_hour1_feed1,-29.8,4.8,-13.1
10_WE_segmentB_MultiCoder_SOAP_4_DCTECH-MC01X_05-15-2016_08-00-00.wav,20160515_we_hour1_feed1,-29.2,4.9,-6.4
10_WE_segmentB_MultiCoder_SOAP_1_DCTECH-MC01X_05-15-2016_09-00-00.wav,20160515_we_hour2_feed1,-29.2,4.8,-10.5
10_WE_segmentB_MultiCoder_SOAP_4_DCTECH-MC01X_05-15-2016_17-00-00.wav,20160515_watc_hour1_feed1,-29.7,4.4,-8.5
11_WE_segmentC_MultiCoder_SOAP_4_DCTECH-MC01X_05-15-2016_08-00-00.wav,20160515_we_hour1_feed1,-29.5,4.1,-9.8
11_WE_segmentC_MultiCoder_SOAP_1_DCTECH-MC01X_05-15-2016_09-00-00.wav,20160515_we_hour2_feed1,-29.8,4.5,-10.7
11_WE_segmentC_MultiCoder_SOAP_4_DCTECH-MC01X_05-15-2016_17-00-00.wav,20160515_watc_hour1_feed1,-29.3,4.5,-10.8
12_WE_musicC_MultiCoder_SOAP_4_DCTECH-MC01X_05-15-2016_08-00-00.wav,20160515_we_hour1_feed1,-29.3,9.4,-12.4
12_WE_musicC_MultiCoder_SOAP_1_DCTECH-MC01X_05-15-2016_09-00-00.wav,20160515_we_hour2_feed1,-29.1,9.7,-12.1
12_WE_musicC_MultiCoder_SOAP_4_DCTECH-MC01X_05-15-2016_17-00-00.wav,20160515_watc_hour1_feed1,-29.8,9.6,-12.4
13_WE_headlinesB_MultiCoder_SOAP_4_DCTECH-MC01X_05-15-2016_08-00-00.wav,20160515_we_hour1_feed1,-29.7,3.5,-14.6
13_WE_headlinesB_MultiCoder_SOAP_1_DCTECH-MC01X_05-15-2016_09-00-00.wav,20160515_we_hour2_feed1,-30.1,4.4,-11.4
13_WE_headlinesB_MultiCoder_SOAP_4_DCTECH-MC01X_05-15-2016_17-00-00.wav,20160515_watc_hour1_feed1,-29.9,4.4,-13.6
14_WE_fundingCreditC_MultiCoder_SOAP_4_DCTECH-MC01X_05-15-2016_08-00-00.wav,20160515_we_hour1_feed1,-28.8,3.2,-13.6
14_WE_fundingCreditC_MultiCoder_SOAP_1_DCTECH-MC01X_05-15-2016_09-00-00.wav,20160515_we_hour2_feed1,-29.5,3.9,-12.2
14_WE_fundingCreditC_MultiCoder_SOAP_4_DCTECH-MC01X_05-15-2016_17-00-00.wav,20160515_watc_hour1_feed1,-30.0,3.3,-12.0
15_WE_segmentD_MultiCoder_SOAP_4_DCTECH-MC01X_05-15-2016_08-00-00.wav,20160515_we_hour1_feed1,-29.1,5.4,-8.0
15_WE_segmentD_MultiCoder_SOAP_1_DCTECH-MC01X_05-15-2016_09-00-00.wav,20160515_we_hour2_feed1,-29.4,5.2,-8.4
15_WE_segmentD_MultiCoder_SOAP_4_DCTECH-MC01X_05-15-2016_17-00-00.wav,20160515_watc_hour1_feed1,-29.8,5.1,-5.2
16_WE_fundingCreditD_MultiCoder_SOAP_4_DCTECH-MC01X_05-15-2016_08-00-00.wav,20160515_we_hour1_feed1,-28.7,3.1,-12.7
16_WE_fundingCreditD_MultiCoder_SOAP_1_DCTECH-MC01X_05-15-2016_09-00-00.wav,20160515_we_hour2_feed1,-30.2,4.1,-12.2
16_WE_fundingCreditD_MultiCoder_SOAP_4_DCTECH-MC01X_05-15-2016_17-00-00.wav,20160515_watc_hour1_feed1,-29.6,3.3,-12.1
17_WE_musicD_MultiCoder_SOAP_4_DCTECH-MC01X_05-15-2016_08-00-00.wav,20160515_we_hour1_feed1,-29.1,3.0,-17.4
17_WE_musicD_MultiCoder_SOAP_1_DCTECH-MC01X_05-15-2016_09-00-00.wav,20160515_we_hour2_feed1,-30.6,4.8,-14.9
17_WE_musicD_MultiCoder_SOAP_4_DCTECH-MC01X_05-15-2016_17-00-00.wav,20160515_watc_hour1_feed1,-28.9,1.3,-18.3
